CHR	POS1	POS2	motif_chr	motif_start	motif_end	motif_id	snp_pos	ref	alt	genotype	variant_type	ref_score	alt_score	delta_score	ref_seq	alt_seq
chr1	30782988	30783126	chr1	30783051	30783070	-motif79	30783058	T	C	0|1	ALT	6.76971	7.10810706636	13.8778144083	CTGCTCTCCCTGGAGCCAG	CTGCTCCCCCTGGAGCCAG
chr2	113979627	113979899	chr2	113979834	113979853	-motif2838	113979838,113979840	T,C	C,A	1|0,1|0	ALT	3.00157	27.0466600789	24.0450887597	GGCTGCCCCCTGGTGGCCG	GGCCGACCCCTGGTGGCCG
chr2	113979627	113979899	chr2	113979836	113979855	+motif2839	113979838,113979840	T,C	C,A	1|0,1|0	ALT	4.20342	7.54935105788	3.34593462547	CTGCCCCCTGGTGGCCGGA	CCGACCCCTGGTGGCCGGA
chr2	113979627	113979899	chr2	113979837	113979856	+motif2840	113979838,113979840	T,C	C,A	1|0,1|0	REF	1.79299586938	.	1.79299586938	.	CGACCCCTGGTGGCCGGAG
chr5	33470723	33470777	chr5	33470738	33470757	+motif4075	33470746	G	C	1|0	REF	3.17321	3.22764872006	6.4008553721	GAATCACGAGGAGATGGCG	GAATCACCAGGAGATGGCG
chr5	33470723	33470777	chr5	33470741	33470760	+motif4076	33470746	G	C	1|0	REF	15.8512293955	.	15.8512293955	.	TCACCAGGAGATGGCGTTA
chr5	133287677	133287723	chr5	133287691	133287710	-motif4202	133287699	T	C	0|1	ALT	3.77968	17.6513984575	21.4310800383	CACTGCCTCCTGCTGCCCG	CACTGCCCCCTGCTGCCCG
chr5	151239370	151239472	chr5	151239421	151239440	-motif4237	151239432	T	C	1|0	ALT	1.65807695807	1.65807695807	.	CGGCCGCCCCTTCTTGGCG	.
chr5	151239370	151239472	chr5	151239422	151239441	-motif4238	151239432,151239441	T,G	C,A	1|0,0|1	REF	8.15327	11.0310402998	19.1843132177	GGCCGCCCCTTCTTGGCGG	GGCCGCCCCCTCTTGGCGA
chr7	23545053	23545173	chr7	23545073	23545092	-motif4744	23545083	C	T	0|1	REF	8.05316	14.9937676768	6.94060618545	TACTGACATCTAGTGGGTA	TACTGACATTTAGTGGGTA
chr7	23545053	23545173	chr7	23545076	23545095	+motif4745	23545083	C	T	0|1	REF	2.52784501281	2.52784501281	.	TGACATCTAGTGGGTAGAG	.
chr10	50660262	50660378	chr10	50660324	50660343	-motif562	50660329	G	A	1|0	ALT	4.00888	4.11147795087	0.102594971444	ATCTGCCACTAGGTGGAAG	ATCTACCACTAGGTGGAAG
chr10	50660262	50660378	chr10	50660326	50660345	+motif563	50660329	G	A	1|0	ALT	1.2335	19.8714276503	18.6379282182	CTGCCACTAGGTGGAAGCC	CTACCACTAGGTGGAAGCC
chr17	46253969	46254065	chr17	46254012	46254031	+motif2113	46254031	T	C	1|0	REF	0.0152628922817	.	0.0152628922817	.	CTGCTCCAAGGTGAAGGTC
chr17	46253969	46254065	chr17	46254012	46254031	+motif2113	46254031	T	C	1|0	REF	0.0152628922817	.	0.0152628922817	.	CTGCTCCAAGGTGAAGGTC
chr18	10438003	10438087	chr18	10438020	10438039	-motif2233	10438027	G	C	0|1	ALT	3.97572291751	.	3.97572291751	.	GTAGTGCCTCTGGTGGCTG
chr18	10438003	10438087	chr18	10438020	10438039	-motif2233	10438027	G	C	0|1	ALT	3.97572291751	.	3.97572291751	.	GTAGTGCCTCTGGTGGCTG
