CHR	POS1	POS2	motif_chr	motif_start	motif_end	motif_id	snp_pos	ref	alt	genotype	variant_type	delta_score	h1_score	h2_score	ref_seq	alt_seq
chr1	30782988	30783126	chr1	30783051	30783070	-motif79	30783058	T	C	0|1	ALT	6.76971	7.10810706636	13.8778144083	CTGCTCTCCCTGGAGCCAG	CTGCTCCCCCTGGAGCCAG
chr1	89085945	89086065	chr1	89085973	89085992	+motif189	89085986	C	G	1|0	REF	18.747	1.28038487959	20.0273376495	TCACCACTAGAGCGAGGTG	TCACCACTAGAGGGAGGTG
chr1	89085945	89086065	chr1	89085976	89085995	+motif190	89085986	C	G	1|0	REF	1.67823152471	.	1.67823152471	.	CCACTAGAGGGAGGTGCTG
chr1	153617749	153617807	chr1	153617768	153617787	-motif252	153617778	C	A	0|1	REF	2.55573914844	2.55573914844	.	CCCCTGCTCCCTCTGGTGG	.
chr1	153617749	153617807	chr1	153617771	153617790	-motif253	153617778	C	A	0|1	REF	7.35449	19.7947808223	12.4402898785	CTGCTCCCTCTGGTGGTGG	CTGCTCACTCTGGTGGTGG
chr1	153617749	153617807	chr1	153617773	153617792	+motif254	153617778	C	A	0|1	REF	0.182570410772	0.182570410772	.	GCTCCCTCTGGTGGTGGCC	.
chr1	182069091	182069300	chr1	182069127	182069146	-motif317	182069133	C	T	0|1	REF	4.34799	5.36400093749	1.01601338447	TGGCTCCCCCTTTGGCTCC	TGGCTTCCCCTTTGGCTCC
chr1	196827861	196828319	chr1	196828214	196828233	+motif332	196828227	G	A	1|0	ALT	1.38163115769	1.38163115769	.	TGGAAACTGGACGGAACCA	.
chr1	211649168	211649222	chr1	211649185	211649204	-motif369	211649200	G	C	0|1	REF	0.986450945791	0.986450945791	.	CCCTCCTCTCTACTGCCCT	.
chr1	211649168	211649222	chr1	211649195	211649214	-motif370	211649200	G	C	0|1	REF	7.19516	13.2471035624	6.05194188388	TACTGCCCTCCACTGGGTC	TACTCCCCTCCACTGGGTC
chr2	24083592	24084962	chr2	24083715	24083734	-motif2669	24083717	A	C	0|1	REF	0.333875911821	0.333875911821	.	GAGTACTGCCCGCTGTCAG	.
chr2	113979627	113979899	chr2	113979834	113979853	-motif2838	113979838,113979840	T,C	C,A	1|0,1|0	ALT	3.00157	27.0466600789	24.0450887597	GGCTGCCCCCTGGTGGCCG	GGCCGACCCCTGGTGGCCG
chr2	113979627	113979899	chr2	113979836	113979855	+motif2839	113979838,113979840	T,C	C,A	1|0,1|0	ALT	4.20342	7.54935105788	3.34593462547	CTGCCCCCTGGTGGCCGGA	CCGACCCCTGGTGGCCGGA
chr2	113979627	113979899	chr2	113979837	113979856	+motif2840	113979838,113979840	T,C	C,A	1|0,1|0	REF	1.79299586938	.	1.79299586938	.	CGACCCCTGGTGGCCGGAG
chr4	4335398	4335458	chr4	4335432	4335451	-motif3768	4335445	C	G	0|1	ALT	0.660687	1.23497259473	1.89565921099	TAGTGGCCCTGTCTGGGCG	TAGTGGCCCTGTGTGGGCG
chr4	156378259	156378319	chr4	156378288	156378307	-motif3974	156378298	G	C	1|0	REF	11.1706386208	.	11.1706386208	.	TTCTGCCCCCTTGAGAAGG
chr5	33470723	33470777	chr5	33470738	33470757	+motif4075	33470746	G	C	1|0	REF	3.17321	3.22764872006	6.4008553721	GAATCACGAGGAGATGGCG	GAATCACCAGGAGATGGCG
chr5	33470723	33470777	chr5	33470741	33470760	+motif4076	33470746	G	C	1|0	REF	15.8512293955	.	15.8512293955	.	TCACCAGGAGATGGCGTTA
chr5	120656016	120656046	chr5	120656015	120656034	+motif4179	120656024	T	A	1|0	REF	5.56286	16.9987529106	22.5616096918	TTGCCACCTGGTGGTGCCA	TTGCCACCAGGTGGTGCCA
chr5	120656016	120656046	chr5	120656018	120656037	+motif4180	120656024	T	A	1|0	REF	0.529886865425	.	0.529886865425	.	CCACCAGGTGGTGCCAAAT
chr5	133287677	133287723	chr5	133287691	133287710	-motif4202	133287699	T	C	0|1	ALT	3.77968	17.6513984575	21.4310800383	CACTGCCTCCTGCTGCCCG	CACTGCCCCCTGCTGCCCG
chr5	151239370	151239472	chr5	151239421	151239440	-motif4237	151239432	T	C	1|0	ALT	1.65807695807	1.65807695807	.	CGGCCGCCCCTTCTTGGCG	.
chr5	151239370	151239472	chr5	151239422	151239441	-motif4238	151239432,151239441	T,G	C,A	1|0,0|1	REF	8.15327	11.0310402998	19.1843132177	GGCCGCCCCTTCTTGGCGG	GGCCGCCCCCTCTTGGCGA
chr5	152462226	152462684	chr5	152462330	152462349	-motif4242	152462337	C	T	1|0	ALT	6.76971	15.5030540526	8.73334671068	CATCTCCCTCTAGTGGGGG	CATCTCTCTCTAGTGGGGG
chr5	152462226	152462684	chr5	152462333	152462352	+motif4243	152462337	C	T	1|0	ALT	4.64385500018	4.64385500018	.	CTCCCTCTAGTGGGGGCAA	.
chr5	152462226	152462684	chr5	152462660	152462679	+motif4244	152462676	C	T	0|1	REF	0.101935832694	0.101935832694	.	ACCCCACTCTGTGGCCCTG	.
chr7	23545053	23545173	chr7	23545073	23545092	-motif4744	23545083	C	T	0|1	REF	8.05316	14.9937676768	6.94060618545	TACTGACATCTAGTGGGTA	TACTGACATTTAGTGGGTA
chr7	23545053	23545173	chr7	23545076	23545095	+motif4745	23545083	C	T	0|1	REF	2.52784501281	2.52784501281	.	TGACATCTAGTGGGTAGAG	.
chr9	92729406	92729618	chr9	92729549	92729568	+motif5367	92729568	G	A	1|0	REF	0.0384061	4.6552169448	4.69362301056	CAGCAGCTGGGGGCCGGCG	CAGCAGCTGGGGGCCGGCA
chr9	92729406	92729618	chr9	92729559	92729578	+motif5368	92729568	G	A	1|0	REF	4.17557	14.0128183793	18.1883846437	GGGCCGGCGGAGGGAGCTC	GGGCCGGCAGAGGGAGCTC
chr9	92729406	92729618	chr9	92729599	92729618	+motif5369	92729617	A	G	1|0	ALT	0.123174	11.1014331827	10.9782591954	CCCACTCCAGATGGCACAC	CCCACTCCAGATGGCACGC
chr10	50660262	50660378	chr10	50660324	50660343	-motif562	50660329	G	A	1|0	ALT	4.00888	4.11147795087	0.102594971444	ATCTGCCACTAGGTGGAAG	ATCTACCACTAGGTGGAAG
chr10	50660262	50660378	chr10	50660326	50660345	+motif563	50660329	G	A	1|0	ALT	1.2335	19.8714276503	18.6379282182	CTGCCACTAGGTGGAAGCC	CTACCACTAGGTGGAAGCC
chr10	79779445	79779653	chr10	79779458	79779477	-motif618	79779468	C	G	0|1	REF	3.36242671905	3.36242671905	.	AGCCTTCTCCAAGCGGCGG	.
chr10	79779445	79779653	chr10	79779460	79779479	+motif619	79779468	C	G	0|1	REF	1.1803490928	1.1803490928	.	CCTTCTCCAAGCGGCGGGA	.
chr10	86139213	86139281	chr10	86139230	86139249	-motif630	86139241	C	T	1|0	REF	4.17557	10.8641880921	15.0397543565	TGTCTCCCCCCACAGGTTG	TGTCTCCCCCTACAGGTTG
chr10	86139213	86139281	chr10	86139236	86139255	+motif631	86139241	C	T	1|0	ALT	0.108992152557	0.108992152557	.	CCCCCACAGGTTGGATGCC	.
chr10	102669851	102670060	chr10	102669974	102669993	-motif664	102669989	G	C	0|1	REF	14.3377581862	14.3377581862	.	CTGCCCCCTCTACTGGTGG	.
chr10	102669851	102670060	chr10	102669977	102669996	-motif665	102669989	G	C	0|1	REF	0.607420436825	0.607420436825	.	CCCCCTCTACTGGTGGCAT	.
chr10	102669851	102670060	chr10	102669987	102670006	-motif666	102669989	G	C	0|1	REF	0.0636278670399	0.0636278670399	.	TGGTGGCATCCAGAGCAGC	.
chr11	116217183	116217247	chr11	116217194	116217213	+motif972	116217206,116217207	T,G	C,A	1|0,0|1	REF	11.0408	18.3273710768	7.28659180719	CGCTCACCAGATGGCGCTG	CGCTCACCAGACAGCGCTG
chr12	50132686	50132754	chr12	50132702	50132721	+motif1120	50132712	C	G	1|0	REF	18.7679	0.612318199767	19.3801915741	TTTCCACTACAGGGCAGAG	TTTCCACTAGAGGGCAGAG
chr12	125533573	125533677	chr12	125533633	125533652	-motif1260	125533650	G	C	1|0	REF	0.635545870871	.	0.635545870871	.	TGGCGCCGCAGACCGGCTT
chr13	20489336	20489406	chr13	20489380	20489399	-motif1282	20489385	G	A	1|0	ALT	4.00888	16.0473283377	12.0384453582	TGGCGCCCTCTACTGCTTC	TGGCACCCTCTACTGCTTC
chr14	71166623	71166723	chr14	71166652	71166671	+motif1468	71166664	A	G	1|0	REF	3.77968	0.376051578375	4.15573315915	CTGCACATAGGAGGCATTA	CTGCACATAGGGGGCATTA
chr14	106694861	106695070	chr14	106694871	106694890	-motif1566	106694888	T	A	1|0	ALT	1.06832	15.7750199855	14.7066996226	AAGAGCCCCCTGGTGGTTC	AAGAGCCCCCTGGTGGATC
chr14	106694861	106695070	chr14	106694873	106694892	+motif1567	106694888	T	A	1|0	REF	0.634328	4.02349593375	4.65782365638	GAGCCCCCTGGTGGTTCCG	GAGCCCCCTGGTGGATCCG
chr16	31159818	31159896	chr16	31159835	31159854	-motif1847	31159853	C	T	0|1	REF	1.86713	2.48674472535	0.619617826722	GACATCCCCTTGGTGCTCC	GACATCCCCTTGGTGCTTC
chr16	31159818	31159896	chr16	31159845	31159864	-motif1848	31159853	C	T	0|1	REF	0.0691744313439	0.0691744313439	.	TGGTGCTCCCTCTCGTGGC	.
chr16	31159818	31159896	chr16	31159847	31159866	-motif1849	31159853	C	T	0|1	REF	4.34799	17.2093789404	12.8613913874	GTGCTCCCTCTCGTGGCAA	GTGCTTCCTCTCGTGGCAA
chr17	26603750	26604060	chr17	26603837	26603856	+motif2064	26603842	T	C	0|1	ALT	5.07078284353	.	5.07078284353	.	CATCCGCAAGGGGACATGT
chr17	46253969	46254065	chr17	46254012	46254031	+motif2113	46254031	T	C	1|0	REF	0.0152628922817	.	0.0152628922817	.	CTGCTCCAAGGTGAAGGTC
chr18	10438003	10438087	chr18	10438020	10438039	-motif2233	10438027	G	C	0|1	ALT	3.97572291751	.	3.97572291751	.	GTAGTGCCTCTGGTGGCTG
chr19	605143	605947	chr19	605153	605172	-motif2335	605171	C	C	1|1	ALT	0.0	0.931779928155	0.931779928155	CTGCAGTTCCTGGTGCCCA	CTGCAGTTCCTGGTGCCCA
chr19	605143	605947	chr19	605887	605906	+motif2336	605899	A	G	1|0	REF	1.89608670893	.	1.89608670893	.	TTTACAGAGGGGGACCCAG
chr19	14888818	14889068	chr19	14888843	14888862	+motif2433	14888861	C	T	0|1	REF	0.258921	10.6454176302	10.3864962523	AGGCCTCCGGATGGCTGCC	AGGCCTCCGGATGGCTGTC
chr19	14888818	14889068	chr19	14889015	14889034	-motif2434	14889026	A	G	0|1	REF	0.153104	1.38807636152	1.23497259473	TAGTGGCCCTATCTGGGCG	TAGTGGCCCTGTCTGGGCG
chr19	42885020	42885140	chr19	42885048	42885067	+motif2507	42885051	C	T	1|0	REF	0.893989	1.49467597354	2.3886649079	TTCCCAGATGCTGGCATTA	TTTCCAGATGCTGGCATTA
chr20	25861636	25861758	chr20	25861683	25861702	-motif3124	25861690	G	A	0|1	ALT	3.94281518753	.	3.94281518753	.	TGGCCCACCCGACTGGCGC
chr21	37220854	37221646	chr21	37221290	37221309	+motif3247	37221308	C	T	0|1	REF	0.258921	5.00692842069	4.74800704279	CGCCAGGGTGAGGGCGCCG	CGCCAGGGTGAGGGCGCTG
chr21	37220854	37221646	chr21	37221304	37221323	-motif3248	37221308	C	T	0|1	REF	1.00404	6.26208647439	5.25804623567	CGCCGTCCTCCAGCGTATG	CGCTGTCCTCCAGCGTATG
chr21	37220854	37221646	chr21	37221307	37221326	+motif3249	37221308	C	T	0|1	ALT	0.100111	0.433175052617	0.533286479077	CGTCCTCCAGCGTATGCTA	TGTCCTCCAGCGTATGCTA
chr21	42107947	42108109	chr21	42107957	42107976	-motif3259	42107962	A	G	1|0	REF	4.00888	12.4577749312	16.4666579106	CTGCACCCTCGCCTGGCCA	CTGCGCCCTCGCCTGGCCA
chr21	46228859	46229137	chr21	46228939	46228958	+motif3308	46228958	A	G	0|1	REF	0.0384061	0.440601091094	0.40219502533	GTGACCCCGGGGTGTGCCA	GTGACCCCGGGGTGTGCCG
chr22	24259587	24259725	chr22	24259682	24259701	-motif3352	24259701	G	A	0|1	ALT	0.100111	21.6628957726	21.763007199	GGGCGCCCTCGGGTGGCCG	GGGCGCCCTCGGGTGGCCA
chr22	24259587	24259725	chr22	24259684	24259703	+motif3353	24259701	G	A	0|1	REF	2.46186	3.18921767615	0.727354802914	GCGCCCTCGGGTGGCCGCA	GCGCCCTCGGGTGGCCACA
chrX	12771562	12771702	chrX	12771640	12771659	-motif5516	12771658	A	G	1|0	REF	0.190375	21.2499544074	21.4403290999	CTGCGCCCTCTGCTGGAAG	CTGCGCCCTCTGCTGGAGG
