variant_id	DIFF_LOG2_data1	DIFF_LOG2_data2	CHR	POS1	POS2	transcription_factor_data1	haplotype1_data1	haplotype2_data1	HMAX_data1	transcription_factor_data2	haplotype1_data2	haplotype2_data2	HMAX_data2	LENGTH	Unnamed: 0	btwn_lines
chr1_1019276_1019776	-1.248	0.02	chr1	1019276	1019776	CTCF_ENCSR000DKV	19.0	8.0	19	CTCF	4027.0	3970.516	4027.0	500	4	0
chr1_1019276_1019776	-1.17	0.02	chr1	1019276	1019776	CTCF_ENCSR000DRZ	18.0	8.0	18	CTCF	4027.0	3970.516	4027.0	500	4	0
chr1_10210346_10210508	-1.254	-0.0	chr1	10210346	10210508	CTCF_ENCSR000AKB	31.0	13.0	31	CTCF	13403.994	13408.0	13408.0	162	3	0
chr1_111197722_111197774	-4.129	-3.962	chr1	111197722	111197774	CTCF_ENCSR000DKV	35.0	2.0	35	CTCF	657.935	10256.0	10256.0	52	10	1
chr1_111197722_111197774	-4.644	-3.962	chr1	111197722	111197774	CTCF_ENCSR000DRZ	25.0	1.0	25	CTCF	657.935	10256.0	10256.0	52	10	1
chr1_111747402_111747448	1.29	-0.02	chr1	111747402	111747448	CTCF_ENCSR000DRZ	9.0	22.0	22	CTCF	11700.018	11860.0	11860.0	46	12	0
chr1_115112895_115113061	1.152	-0.0	chr1	115112895	115113061	CTCF_ENCSR000AKB	9.0	20.0	20	CTCF	12230.006	12234.0	12234.0	166	7	0
chr1_12601408_12601486	1.17	0.138	chr1	12601408	12601486	CTCF_ENCSR000DKV	8.0	18.0	18	CTCF	6377.0	5795.092	6377.0	78	18	0
chr1_15100471_15100623	1.115	0.007	chr1	15100471	15100623	CTCF_ENCSR000DRZ	12.0	26.0	26	CTCF	13740.0	13676.008	13740.0	152	17	0
chr1_152460174_152460512	1.585	0.0	chr1	152460174	152460512	CTCF_ENCSR000AKB	6.0	18.0	18	CTCF	1910.0	1910.0	1910.0	338	9	0
chr1_152460174_152460512	1.12	0.0	chr1	152460174	152460512	CTCF_ENCSR000DKV	23.0	50.0	50	CTCF	1910.0	1910.0	1910.0	338	21	0
chr1_152460174_152460512	1.078	0.0	chr1	152460174	152460512	CTCF_ENCSR000DRZ	9.0	19.0	19	CTCF	1910.0	1910.0	1910.0	338	18	0
chr1_15272635_15272787	-2.322	0.041	chr1	15272635	15272787	CTCF_ENCSR000DKV	30.0	6.0	30	CTCF	8828.0	8578.026	8828.0	152	22	0
chr1_153033031_153033135	2.248	-0.131	chr1	153033031	153033135	CTCF_ENCSR000DKV	4.0	19.0	19	CTCF	2200.087	2409.5	2409.5	104	23	0
chr1_153465885_153465953	-1.078	-0.013	chr1	153465885	153465953	CTCF_ENCSR000DKV	19.0	9.0	19	CTCF	10690.008	10788.0	10788.0	68	25	0
chr1_153617749_153617807	-4.954	-4.948	chr1	153617749	153617807	CTCF_ENCSR000DKV	31.0	1.0	31	CTCF	290.718	8975.0	8975.0	58	26	1
chr1_153617749_153617807	-4.7	-4.948	chr1	153617749	153617807	CTCF_ENCSR000DRZ	26.0	1.0	26	CTCF	290.718	8975.0	8975.0	58	20	1
chr1_154819773_154819845	1.766	0.013	chr1	154819773	154819845	CTCF_ENCSR000DKV	5.0	17.0	17	CTCF	4979.0	4935.01	4979.0	72	27	0
chr1_157489521_157489593	-1.837	0.014	chr1	157489521	157489593	CTCF_ENCSR000AKB	25.0	7.0	25	CTCF	9769.5	9674.752	9769.5	72	15	0
chr1_157489521_157489593	-1.044	0.014	chr1	157489521	157489593	CTCF_ENCSR000DRZ	33.0	16.0	33	CTCF	9769.5	9674.752	9769.5	72	25	0
chr1_16032964_16033072	-1.115	0.016	chr1	16032964	16033072	CTCF_ENCSR000DRZ	26.0	12.0	26	CTCF	10821.0	10698.013	10821.0	108	28	0
chr1_160830684_160830770	1.716	-0.005	chr1	160830684	160830770	CTCF_ENCSR000AKB	7.0	23.0	23	CTCF	10358.004	10394.0	10394.0	86	18	0
chr1_161647624_161647808	3.17	0.065	chr1	161647624	161647808	CTCF_ENCSR000DKV	2.0	18.0	18	CTCF	4738.5	4531.045	4738.5	184	41	0
chr1_16187847_16188025	1.138	0.024	chr1	16187847	16188025	CTCF_ENCSR000DRZ	15.0	33.0	33	CTCF	13131.0	12913.024	13131.0	178	31	0
chr1_182069091_182069300	-4.0	-5.167	chr1	182069091	182069300	CTCF_ENCSR000DKV	16.0	1.0	16	CTCF	232.972	8371.0	8371.0	209	54	0
chr1_182069091_182069300	-4.858	-5.167	chr1	182069091	182069300	CTCF_ENCSR000DRZ	29.0	1.0	29	CTCF	232.972	8371.0	8371.0	209	38	1
chr1_196723490_196723580	-1.644	-0.821	chr1	196723490	196723580	CTCF_ENCSR000DKV	25.0	8.0	25	CTCF	7269.44	12844.0	12844.0	90	56	1
chr1_196723490_196723580	-2.773	-0.821	chr1	196723490	196723580	CTCF_ENCSR000DRZ	41.0	6.0	41	CTCF	7269.44	12844.0	12844.0	90	40	0
chr1_196827861_196828319	3.087	0.082	chr1	196827861	196828319	CTCF_ENCSR000DKV	2.0	17.0	17	CTCF	2984.5	2820.055	2984.5	458	57	0
chr1_199954861_199954909	-3.0	-3.776	chr1	199954861	199954909	CTCF_ENCSR000DRZ	16.0	2.0	16	CTCF	356.427	4883.0	4883.0	48	41	1
chr1_200803045_200803121	-1.263	0.009	chr1	200803045	200803121	CTCF_ENCSR000DRZ	24.0	10.0	24	CTCF	11035.0	10967.006	11035.0	76	42	0
chr1_202160578_202160816	-1.087	-0.544	chr1	202160578	202160816	CTCF_ENCSR000DKV	17.0	8.0	17	CTCF	2862.315	4173.0	4173.0	238	60	1
chr1_202160578_202160816	-2.263	-0.544	chr1	202160578	202160816	CTCF_ENCSR000DRZ	24.0	5.0	24	CTCF	2862.315	4173.0	4173.0	238	43	0
chr1_202184797_202184897	-1.28	-0.046	chr1	202184797	202184897	CTCF_ENCSR000AKB	17.0	7.0	17	CTCF	10782.039	11134.0	11134.0	100	27	0
chr1_204989386_204989560	1.115	0.003	chr1	204989386	204989560	CTCF_ENCSR000DRZ	12.0	26.0	26	CTCF	15544.0	15512.016	15544.0	174	45	0
chr1_205588761_205588970	1.193	0.137	chr1	205588761	205588970	CTCF_ENCSR000DKV	7.0	16.0	16	CTCF	5794.0	5270.09	5794.0	209	64	0
chr1_20575422_20575452	2.858	0.732	chr1	20575422	20575452	CTCF_ENCSR000DKV	4.0	29.0	29	CTCF	12304.0	7407.396	12304.0	30	65	0
chr1_20575422_20575452	2.737	0.732	chr1	20575422	20575452	CTCF_ENCSR000DRZ	3.0	20.0	20	CTCF	12304.0	7407.396	12304.0	30	46	0
chr1_211649168_211649222	-4.087	-4.882	chr1	211649168	211649222	CTCF_ENCSR000AKB	17.0	1.0	17	CTCF	206.466	6086.25	6086.25	54	29	1
chr1_211649168_211649222	-4.392	-4.882	chr1	211649168	211649222	CTCF_ENCSR000DKV	21.0	1.0	21	CTCF	206.466	6086.25	6086.25	54	69	1
chr1_211649168_211649222	-4.322	-4.882	chr1	211649168	211649222	CTCF_ENCSR000DRZ	20.0	1.0	20	CTCF	206.466	6086.25	6086.25	54	49	1
chr1_222465457_222465619	-1.07	-0.097	chr1	222465457	222465619	CTCF_ENCSR000AKB	21.0	10.0	21	CTCF	14798.07	15826.0	15826.0	162	33	1
chr1_223684341_223684439	1.054	-0.018	chr1	223684341	223684439	CTCF_ENCSR000DKV	13.0	27.0	27	CTCF	8675.006	8783.0	8783.0	98	76	0
chr1_242936905_242936961	4.0	2.206	chr1	242936905	242936961	CTCF_ENCSR000DRZ	1.0	16.0	16	CTCF	4575.0	991.783	4575.0	56	59	0
chr1_246012421_246012511	1.503	0.101	chr1	246012421	246012511	CTCF_ENCSR000DRZ	6.0	17.0	17	CTCF	7764.0	7238.069	7764.0	90	60	0
chr1_30719326_30719506	-1.585	-0.002	chr1	30719326	30719506	CTCF_ENCSR000AKB	18.0	6.0	18	CTCF	13931.998	13956.0	13956.0	180	39	0
chr1_30782988_30783126	4.248	2.603	chr1	30782988	30783126	CTCF_ENCSR000DKV	1.0	19.0	19	CTCF	11376.0	1872.837	11376.0	138	95	0
chr1_30782988_30783126	3.273	2.603	chr1	30782988	30783126	CTCF_ENCSR000DRZ	3.0	29.0	29	CTCF	11376.0	1872.837	11376.0	138	68	1
chr1_32892813_32893513	-1.415	-0.522	chr1	32892813	32893513	CTCF_ENCSR000DRZ	16.0	6.0	16	CTCF	3433.306	4931.0	4931.0	700	69	1
chr1_37990013_37990235	1.524	0.204	chr1	37990013	37990235	CTCF_ENCSR000AKB	8.0	23.0	23	CTCF	12274.0	10659.129	12274.0	222	40	0
chr1_39799070_39799850	-4.426	-0.118	chr1	39799070	39799850	CTCF_ENCSR000AKB	43.0	2.0	43	CTCF	846.579	919.0	919.0	780	41	0
chr1_39799070_39799850	-6.322	-0.118	chr1	39799070	39799850	CTCF_ENCSR000DKV	80.0	1.0	80	CTCF	846.579	919.0	919.0	780	100	0
chr1_39799070_39799850	-5.358	-0.118	chr1	39799070	39799850	CTCF_ENCSR000DRZ	41.0	1.0	41	CTCF	846.579	919.0	919.0	780	71	0
chr1_48870765_48870849	-2.0	-0.047	chr1	48870765	48870849	CTCF_ENCSR000DKV	16.0	4.0	16	CTCF	7444.032	7692.0	7692.0	84	106	0
chr1_63327703_63327803	-1.087	-0.046	chr1	63327703	63327803	CTCF_ENCSR000DKV	34.0	16.0	34	CTCF	10014.035	10338.0	10338.0	100	109	0
chr1_7042872_7042940	-1.474	0.068	chr1	7042872	7042940	CTCF_ENCSR000DKV	25.0	9.0	25	CTCF	7040.0	6718.043	7040.0	68	111	0
chr1_70528863_70528993	2.737	0.004	chr1	70528863	70528993	CTCF_ENCSR000DKV	3.0	20.0	20	CTCF	7590.0	7567.001	7590.0	130	112	0
chr1_70528863_70528993	2.07	0.004	chr1	70528863	70528993	CTCF_ENCSR000DRZ	5.0	21.0	21	CTCF	7590.0	7567.001	7590.0	130	77	0
chr1_75842491_75842881	-4.0	-0.115	chr1	75842491	75842881	CTCF_ENCSR000DRZ	16.0	1.0	16	CTCF	1665.577	1803.5	1803.5	390	78	0
chr1_89085945_89086065	3.755	4.328	chr1	89085945	89086065	CTCF_ENCSR000DKV	2.0	27.0	27	CTCF	9518.0	473.95	9518.0	120	117	1
chr1_89085945_89086065	3.524	4.328	chr1	89085945	89086065	CTCF_ENCSR000DRZ	2.0	23.0	23	CTCF	9518.0	473.95	9518.0	120	82	1
chr1_94805952_94806032	2.193	0.001	chr1	94805952	94806032	CTCF_ENCSR000DKV	7.0	32.0	32	CTCF	10740.0	10734.996	10740.0	80	122	0
chr1_94805952_94806032	3.087	0.001	chr1	94805952	94806032	CTCF_ENCSR000DRZ	2.0	17.0	17	CTCF	10740.0	10734.996	10740.0	80	86	0
chr2_106098238_106098328	-2.087	-0.125	chr2	106098238	106098328	CTCF_ENCSR000DRZ	17.0	4.0	17	CTCF	4335.082	4729.0	4729.0	90	477	0
chr2_112433652_112433728	-4.0	-0.042	chr2	112433652	112433728	CTCF_ENCSR000DKV	16.0	1.0	16	CTCF	6336.535	6523.5	6523.5	76	655	0
chr2_112433652_112433728	-4.0	-0.042	chr2	112433652	112433728	CTCF_ENCSR000DRZ	16.0	1.0	16	CTCF	6336.535	6523.5	6523.5	76	480	0
chr2_113390409_113390627	-4.248	0.003	chr2	113390409	113390627	CTCF_ENCSR000AKB	57.0	3.0	57	CTCF	14122.0	14094.004	14122.0	218	291	0
chr2_113390409_113390627	-6.728	0.003	chr2	113390409	113390627	CTCF_ENCSR000DKV	106.0	1.0	106	CTCF	14122.0	14094.004	14122.0	218	657	0
chr2_113390409_113390627	-5.615	0.003	chr2	113390409	113390627	CTCF_ENCSR000DRZ	49.0	1.0	49	CTCF	14122.0	14094.004	14122.0	218	482	0
chr2_113979627_113979899	5.907	-0.057	chr2	113979627	113979899	CTCF_ENCSR000AKB	1.0	60.0	60	CTCF	5580.037	5803.0	5803.0	272	292	0
chr2_113979627_113979899	3.907	-0.057	chr2	113979627	113979899	CTCF_ENCSR000DKV	6.0	90.0	90	CTCF	5580.037	5803.0	5803.0	272	658	0
chr2_113979627_113979899	4.485	-0.057	chr2	113979627	113979899	CTCF_ENCSR000DRZ	5.0	112.0	112	CTCF	5580.037	5803.0	5803.0	272	483	0
chr2_11688509_11688635	1.585	-0.004	chr2	11688509	11688635	CTCF_ENCSR000DKV	7.0	21.0	21	CTCF	12076.002	12110.0	12110.0	126	659	0
chr2_126359668_126359776	2.0	0.754	chr2	126359668	126359776	CTCF_ENCSR000DRZ	4.0	16.0	16	CTCF	5798.0	3438.408	5798.0	108	487	0
chr2_138846403_138846477	1.078	0.116	chr2	138846403	138846477	CTCF_ENCSR000DRZ	9.0	19.0	19	CTCF	7314.0	6750.075	7314.0	74	489	1
chr2_141399423_141399621	1.807	-0.024	chr2	141399423	141399621	CTCF_ENCSR000DRZ	6.0	21.0	21	CTCF	3157.516	3210.5	3210.5	198	490	0
chr2_152175559_152176351	-1.441	0.004	chr2	152175559	152176351	CTCF_ENCSR000AKB	19.0	7.0	19	CTCF	1445.0	1441.003	1445.0	792	295	0
chr2_153287290_153287404	3.273	2.042	chr2	153287290	153287404	CTCF_ENCSR000DKV	3.0	29.0	29	CTCF	3429.5	833.007	3429.5	114	667	0
chr2_153287290_153287404	4.807	2.042	chr2	153287290	153287404	CTCF_ENCSR000DRZ	1.0	28.0	28	CTCF	3429.5	833.007	3429.5	114	492	0
chr2_177029631_177029840	-1.678	-1.384	chr2	177029631	177029840	CTCF_ENCSR000DKV	16.0	5.0	16	CTCF	1484.117	3872.5	3872.5	209	676	1
chr2_179842637_179842699	1.363	0.026	chr2	179842637	179842699	CTCF_ENCSR000DKV	7.0	18.0	18	CTCF	6012.0	5906.017	6012.0	62	677	0
chr2_18117782_18117896	1.354	0.453	chr2	18117782	18117896	CTCF_ENCSR000DKV	9.0	23.0	23	CTCF	10007.0	7312.268	10007.0	114	678	1
chr2_183038455_183038563	-1.138	0.047	chr2	183038455	183038563	CTCF_ENCSR000DKV	22.0	10.0	22	CTCF	8294.0	8027.039	8294.0	108	680	0
chr2_227658403_227658499	1.064	0.015	chr2	227658403	227658499	CTCF_ENCSR000AKB	11.0	23.0	23	CTCF	10056.0	9952.005	10056.0	96	305	0
chr2_227658403_227658499	1.027	0.015	chr2	227658403	227658499	CTCF_ENCSR000DKV	26.0	53.0	53	CTCF	10056.0	9952.005	10056.0	96	700	0
chr2_230202740_230203790	2.585	0.01	chr2	230202740	230203790	CTCF_ENCSR000DKV	4.0	24.0	24	CTCF	446.5	443.507	446.5	1050	704	0
chr2_231056456_231056812	2.379	0.0	chr2	231056456	231056812	CTCF_ENCSR000AKB	5.0	26.0	26	CTCF	11486.0	11486.0	11486.0	356	307	0
chr2_231056456_231056812	2.17	0.0	chr2	231056456	231056812	CTCF_ENCSR000DKV	4.0	18.0	18	CTCF	11486.0	11486.0	11486.0	356	705	0
chr2_232439601_232439810	1.193	0.113	chr2	232439601	232439810	CTCF_ENCSR000DKV	7.0	16.0	16	CTCF	10880.0	10060.078	10880.0	209	706	0
chr2_232605914_232606490	-1.233	-0.001	chr2	232605914	232606490	CTCF_ENCSR000AKB	47.0	20.0	47	CTCF	10349.997	10354.0	10354.0	576	309	0
chr2_232605914_232606490	-1.11	-0.001	chr2	232605914	232606490	CTCF_ENCSR000DRZ	41.0	19.0	41	CTCF	10349.997	10354.0	10354.0	576	515	0
chr2_233711567_233711665	-2.459	0.055	chr2	233711567	233711665	CTCF_ENCSR000DKV	33.0	6.0	33	CTCF	12106.0	11656.039	12106.0	98	711	0
chr2_233711567_233711665	-2.0	0.055	chr2	233711567	233711665	CTCF_ENCSR000DRZ	36.0	9.0	36	CTCF	12106.0	11656.039	12106.0	98	516	0
chr2_237858495_237858563	-1.222	-0.047	chr2	237858495	237858563	CTCF_ENCSR000DKV	35.0	15.0	35	CTCF	9527.033	9845.0	9845.0	68	713	0
chr2_24083592_24084962	-4.459	0.022	chr2	24083592	24084962	CTCF_ENCSR000DKV	22.0	1.0	22	CTCF	466.5	459.515	466.5	1370	717	0
chr2_241732549_241732903	-4.459	-0.529	chr2	241732549	241732903	CTCF_ENCSR000AKB	22.0	1.0	22	CTCF	1282.807	1851.0	1851.0	354	310	0
chr2_241732549_241732903	-4.585	-0.529	chr2	241732549	241732903	CTCF_ENCSR000DKV	24.0	1.0	24	CTCF	1282.807	1851.0	1851.0	354	719	0
chr2_241732549_241732903	-5.0	-0.529	chr2	241732549	241732903	CTCF_ENCSR000DRZ	32.0	1.0	32	CTCF	1282.807	1851.0	1851.0	354	518	0
chr2_241875936_241875974	-4.17	-0.169	chr2	241875936	241875974	CTCF_ENCSR000AKB	18.0	1.0	18	CTCF	3427.612	3853.0	3853.0	38	311	0
chr2_241875936_241875974	-5.322	-0.169	chr2	241875936	241875974	CTCF_ENCSR000DKV	40.0	1.0	40	CTCF	3427.612	3853.0	3853.0	38	720	0
chr2_241875936_241875974	-5.087	-0.169	chr2	241875936	241875974	CTCF_ENCSR000DRZ	34.0	1.0	34	CTCF	3427.612	3853.0	3853.0	38	519	0
chr2_29330035_29330111	-1.848	-0.17	chr2	29330035	29330111	CTCF_ENCSR000DKV	18.0	5.0	18	CTCF	2106.111	2369.0	2369.0	76	723	0
chr2_40554830_40554912	-1.115	0.0	chr2	40554830	40554912	CTCF_ENCSR000DKV	26.0	12.0	26	CTCF	9970.0	9967.997	9970.0	82	729	0
chr2_40554830_40554912	1.515	0.0	chr2	40554830	40554912	CTCF_ENCSR000DRZ	7.0	20.0	20	CTCF	9970.0	9967.997	9970.0	82	528	0
chr2_42828999_42829073	-1.3	0.054	chr2	42828999	42829073	CTCF_ENCSR000DKV	64.0	26.0	64	CTCF	13074.0	12596.026	13074.0	74	731	0
chr2_55432109_55432233	-1.585	-0.203	chr2	55432109	55432233	CTCF_ENCSR000AKB	18.0	6.0	18	CTCF	5187.135	5970.0	5970.0	124	318	0
chr2_55620221_55620430	-2.524	-0.198	chr2	55620221	55620430	CTCF_ENCSR000DKV	23.0	4.0	23	CTCF	3739.626	4289.0	4289.0	209	739	0
chr2_55620221_55620430	-1.17	-0.198	chr2	55620221	55620430	CTCF_ENCSR000DRZ	18.0	8.0	18	CTCF	3739.626	4289.0	4289.0	209	537	1
chr2_55961454_55961540	-1.078	-0.081	chr2	55961454	55961540	CTCF_ENCSR000AKB	19.0	9.0	19	CTCF	6260.054	6620.0	6620.0	86	319	1
chr2_55961454_55961540	-1.138	-0.081	chr2	55961454	55961540	CTCF_ENCSR000DKV	33.0	15.0	33	CTCF	6260.054	6620.0	6620.0	86	740	0
chr2_55961454_55961540	-1.059	-0.081	chr2	55961454	55961540	CTCF_ENCSR000DRZ	25.0	12.0	25	CTCF	6260.054	6620.0	6620.0	86	538	1
chr2_57497675_57497747	-1.678	0.001	chr2	57497675	57497747	CTCF_ENCSR000AKB	16.0	5.0	16	CTCF	9044.0	9038.0	9044.0	72	320	0
chr2_62299791_62300000	1.322	0.641	chr2	62299791	62300000	CTCF_ENCSR000AKB	8.0	20.0	20	CTCF	1690.5	1084.358	1690.5	209	321	1
chr2_68943625_68943725	1.415	-0.071	chr2	68943625	68943725	CTCF_ENCSR000AKB	6.0	16.0	16	CTCF	9250.056	9714.0	9714.0	100	324	0
chr2_71157622_71157716	1.263	-0.031	chr2	71157622	71157716	CTCF_ENCSR000DKV	10.0	24.0	24	CTCF	11158.02	11404.0	11404.0	94	748	0
chr2_73630961_73631170	1.848	-0.016	chr2	73630961	73631170	CTCF_ENCSR000AKB	5.0	18.0	18	CTCF	9244.005	9346.0	9346.0	209	327	0
chr2_73630961_73631170	2.415	-0.016	chr2	73630961	73631170	CTCF_ENCSR000DRZ	3.0	16.0	16	CTCF	9244.005	9346.0	9346.0	209	544	0
chr2_84303035_84303137	1.206	0.024	chr2	84303035	84303137	CTCF_ENCSR000AKB	13.0	30.0	30	CTCF	9765.0	9607.008	9765.0	102	328	0
chr2_86079820_86080466	-1.433	-0.02	chr2	86079820	86080466	CTCF_ENCSR000DKV	27.0	10.0	27	CTCF	2524.014	2559.0	2559.0	646	753	0
chr2_88160033_88160129	4.585	-0.02	chr2	88160033	88160129	CTCF_ENCSR000DKV	1.0	24.0	24	CTCF	9125.02	9254.0	9254.0	96	754	0
chr2_9799626_9800014	1.678	0.001	chr2	9799626	9800014	CTCF_ENCSR000AKB	5.0	16.0	16	CTCF	6676.0	6672.003	6676.0	388	329	0
chr3_103991560_103991716	-1.263	0.035	chr3	103991560	103991716	CTCF_ENCSR000DKV	24.0	10.0	24	CTCF	4712.0	4599.02	4712.0	156	859	0
chr3_107752772_107752869	-1.503	-0.108	chr3	107752772	107752869	CTCF_ENCSR000DKV	17.0	6.0	17	CTCF	5583.074	6019.0	6019.0	97	860	0
chr3_109019016_109019054	-1.363	-0.739	chr3	109019016	109019054	CTCF_ENCSR000DKV	18.0	7.0	18	CTCF	823.401	1374.5	1374.5	38	861	1
chr3_115819866_115820018	1.755	-0.062	chr3	115819866	115820018	CTCF_ENCSR000AKB	16.0	54.0	54	CTCF	13257.038	13836.0	13836.0	152	372	0
chr3_115819866_115820018	1.322	-0.062	chr3	115819866	115820018	CTCF_ENCSR000DKV	24.0	60.0	60	CTCF	13257.038	13836.0	13836.0	152	865	0
chr3_115819866_115820018	2.152	-0.062	chr3	115819866	115820018	CTCF_ENCSR000DRZ	9.0	40.0	40	CTCF	13257.038	13836.0	13836.0	152	625	0
chr3_122384013_122384337	1.064	0.0	chr3	122384013	122384337	CTCF_ENCSR000DKV	11.0	23.0	23	CTCF	3531.0	3531.0	3531.0	324	867	0
chr3_12787513_12787573	-0.637	-1.1	chr3	12787513	12787573	CTCF_ENCSR000DKV	28.0	18.0	28	CTCF	4773.032	10234.0	10234.0	60	871	1
chr3_12787513_12787573	0.263	-1.1	chr3	12787513	12787573	CTCF_ENCSR000DRZ	15.0	18.0	18	CTCF	4773.032	10234.0	10234.0	60	628	0
chr3_137121853_137121979	-1.399	-0.051	chr3	137121853	137121979	CTCF_ENCSR000DKV	29.0	11.0	29	CTCF	7631.035	7906.0	7906.0	126	879	0
chr3_146065638_146065772	1.678	0.01	chr3	146065638	146065772	CTCF_ENCSR000DKV	5.0	16.0	16	CTCF	6389.0	6343.013	6389.0	134	883	0
chr3_157493779_157493849	1.415	0.123	chr3	157493779	157493849	CTCF_ENCSR000DRZ	6.0	16.0	16	CTCF	5710.0	5244.081	5710.0	70	638	0
chr3_16366671_16366880	-2.874	-0.166	chr3	16366671	16366880	CTCF_ENCSR000DRZ	22.0	3.0	22	CTCF	1325.608	1487.5	1487.5	209	641	0
chr3_179069297_179069367	1.848	0.683	chr3	179069297	179069367	CTCF_ENCSR000DKV	5.0	18.0	18	CTCF	8120.0	5056.378	8120.0	70	895	0
chr3_186931198_186931498	1.678	0.15	chr3	186931198	186931498	CTCF_ENCSR000DRZ	5.0	16.0	16	CTCF	2231.0	2011.1	2231.0	300	644	0
chr3_193970314_193970418	-1.379	0.119	chr3	193970314	193970418	CTCF_ENCSR000DKV	26.0	10.0	26	CTCF	5348.0	4924.08	5348.0	104	901	0
chr3_193970314_193970418	-1.585	0.119	chr3	193970314	193970418	CTCF_ENCSR000DRZ	18.0	6.0	18	CTCF	5348.0	4924.08	5348.0	104	645	0
chr3_194687902_194688008	1.064	0.037	chr3	194687902	194688008	CTCF_ENCSR000DKV	11.0	23.0	23	CTCF	7364.0	7176.019	7364.0	106	902	0
chr3_43996358_43996504	2.0	0.087	chr3	43996358	43996504	CTCF_ENCSR000DRZ	4.0	16.0	16	CTCF	3408.0	3208.056	3408.0	146	653	0
chr3_47789206_47789316	-1.295	0.01	chr3	47789206	47789316	CTCF_ENCSR000DKV	27.0	11.0	27	CTCF	6166.5	6122.503	6166.5	110	915	0
chr3_62665972_62666094	-1.303	-0.136	chr3	62665972	62666094	CTCF_ENCSR000DKV	37.0	15.0	37	CTCF	9360.093	10288.0	10288.0	122	919	0
chr3_75552247_75552329	-4.346	-0.262	chr3	75552247	75552329	CTCF_ENCSR000AKB	61.0	3.0	61	CTCF	4755.667	5701.5	5701.5	82	388	0
chr3_75552247_75552329	-1.942	-0.262	chr3	75552247	75552329	CTCF_ENCSR000DKV	73.0	19.0	73	CTCF	4755.667	5701.5	5701.5	82	924	0
chr3_75552247_75552329	-2.609	-0.262	chr3	75552247	75552329	CTCF_ENCSR000DRZ	61.0	10.0	61	CTCF	4755.667	5701.5	5701.5	82	658	0
chr3_8623008_8623142	1.531	-0.023	chr3	8623008	8623142	CTCF_ENCSR000AKB	9.0	26.0	26	CTCF	11546.012	11735.0	11735.0	134	389	0
chr3_8971088_8971264	-1.037	-0.013	chr3	8971088	8971264	CTCF_ENCSR000AKB	39.0	19.0	39	CTCF	11346.013	11446.0	11446.0	176	391	0
chr4_121950334_121950464	-2.0	-0.858	chr4	121950334	121950464	CTCF_ENCSR000DKV	24.0	6.0	24	CTCF	6523.445	11824.0	11824.0	130	940	0
chr4_121950334_121950464	-1.948	-0.858	chr4	121950334	121950464	CTCF_ENCSR000DRZ	27.0	7.0	27	CTCF	6523.445	11824.0	11824.0	130	666	0
chr4_122914484_122914544	1.363	0.796	chr4	122914484	122914544	CTCF_ENCSR000DKV	7.0	18.0	18	CTCF	7070.0	4071.424	7070.0	60	941	1
chr4_156378259_156378319	4.0	4.04	chr4	156378259	156378319	CTCF_ENCSR000DKV	1.0	16.0	16	CTCF	4943.0	300.439	4943.0	60	951	1
chr4_156378259_156378319	4.322	4.04	chr4	156378259	156378319	CTCF_ENCSR000DRZ	1.0	20.0	20	CTCF	4943.0	300.439	4943.0	60	669	1
chr4_158667751_158667965	-1.415	-0.834	chr4	158667751	158667965	CTCF_ENCSR000DRZ	16.0	6.0	16	CTCF	3524.44	6283.0	6283.0	214	671	1
chr4_163544519_163544685	-1.503	0.018	chr4	163544519	163544685	CTCF_ENCSR000AKB	34.0	12.0	34	CTCF	12713.0	12555.008	12713.0	166	397	0
chr4_20422515_20422699	2.503	-0.004	chr4	20422515	20422699	CTCF_ENCSR000DKV	3.0	17.0	17	CTCF	7573.999	7596.0	7596.0	184	970	0
chr4_41661590_41661696	-1.322	-0.007	chr4	41661590	41661696	CTCF_ENCSR000AKB	25.0	10.0	25	CTCF	11265.004	11321.0	11321.0	106	405	0
chr4_4335398_4335458	-1.858	-0.016	chr4	4335398	4335458	CTCF_ENCSR000AKB	29.0	8.0	29	CTCF	11808.012	11939.0	11939.0	60	406	0
chr4_4335398_4335458	-2.152	-0.016	chr4	4335398	4335458	CTCF_ENCSR000DKV	40.0	9.0	40	CTCF	11808.012	11939.0	11939.0	60	977	0
chr4_4335398_4335458	-3.561	-0.016	chr4	4335398	4335458	CTCF_ENCSR000DRZ	59.0	5.0	59	CTCF	11808.012	11939.0	11939.0	60	684	0
chr4_60464263_60464347	3.322	0.266	chr4	60464263	60464347	CTCF_ENCSR000DKV	2.0	20.0	20	CTCF	4284.0	3563.167	4284.0	84	981	0
chr4_76733640_76733678	1.415	2.082	chr4	76733640	76733678	CTCF_ENCSR000DKV	6.0	16.0	16	CTCF	4229.5	998.764	4229.5	38	984	1
chr4_77240675_77240731	1.471	0.175	chr4	77240675	77240731	CTCF_ENCSR000DRZ	22.0	61.0	61	CTCF	11476.0	10168.118	11476.0	56	687	0
chr4_7761802_7761862	1.087	0.051	chr4	7761802	7761862	CTCF_ENCSR000DRZ	8.0	17.0	17	CTCF	10272.0	9912.034	10272.0	60	688	0
chr4_78059695_78059799	1.503	0.471	chr4	78059695	78059799	CTCF_ENCSR000DKV	6.0	17.0	17	CTCF	7188.0	5184.279	7188.0	104	987	0
chr4_78059695_78059799	1.585	0.471	chr4	78059695	78059799	CTCF_ENCSR000DRZ	6.0	18.0	18	CTCF	7188.0	5184.279	7188.0	104	689	0
chr4_82721980_82722038	1.193	0.519	chr4	82721980	82722038	CTCF_ENCSR000AKB	7.0	16.0	16	CTCF	6268.0	4375.303	6268.0	58	410	1
chr4_8547172_8547290	-2.322	-3.368	chr4	8547172	8547290	CTCF_ENCSR000DKV	20.0	4.0	20	CTCF	400.903	4139.0	4139.0	118	992	0
chr4_88219189_88219313	1.663	0.074	chr4	88219189	88219313	CTCF_ENCSR000DKV	6.0	19.0	19	CTCF	7276.0	6910.049	7276.0	124	993	0
chr4_9123677_9123793	-2.415	-0.031	chr4	9123677	9123793	CTCF_ENCSR000AKB	16.0	3.0	16	CTCF	6503.521	6646.0	6646.0	116	412	0
chr4_9123677_9123793	-4.087	-0.031	chr4	9123677	9123793	CTCF_ENCSR000DKV	17.0	1.0	17	CTCF	6503.521	6646.0	6646.0	116	995	0
chr4_9123677_9123793	-4.585	-0.031	chr4	9123677	9123793	CTCF_ENCSR000DRZ	24.0	1.0	24	CTCF	6503.521	6646.0	6646.0	116	693	0
chr4_99949109_99949219	-1.064	0.001	chr4	99949109	99949219	CTCF_ENCSR000AKB	23.0	11.0	23	CTCF	9934.0	9930.002	9934.0	110	414	0
chr5_104413055_104413107	4.392	2.23	chr5	104413055	104413107	CTCF_ENCSR000DKV	1.0	21.0	21	CTCF	6455.0	1376.287	6455.0	52	999	0
chr5_104413055_104413107	2.17	2.23	chr5	104413055	104413107	CTCF_ENCSR000DRZ	4.0	18.0	18	CTCF	6455.0	1376.287	6455.0	52	696	1
chr5_119268113_119268245	-1.678	-2.267	chr5	119268113	119268245	CTCF_ENCSR000DKV	16.0	5.0	16	CTCF	1517.293	7303.0	7303.0	132	1006	1
chr5_119268113_119268245	-2.585	-2.267	chr5	119268113	119268245	CTCF_ENCSR000DRZ	36.0	6.0	36	CTCF	1517.293	7303.0	7303.0	132	700	1
chr5_120656016_120656046	2.503	2.458	chr5	120656016	120656046	CTCF_ENCSR000DKV	3.0	17.0	17	CTCF	6454.0	1174.818	6454.0	30	1007	1
chr5_120656016_120656046	3.17	2.458	chr5	120656016	120656046	CTCF_ENCSR000DRZ	2.0	18.0	18	CTCF	6454.0	1174.818	6454.0	30	701	1
chr5_133287677_133287723	3.663	3.12	chr5	133287677	133287723	CTCF_ENCSR000DKV	3.0	38.0	38	CTCF	8191.25	942.386	8191.25	46	1011	1
chr5_133287677_133287723	4.459	3.12	chr5	133287677	133287723	CTCF_ENCSR000DRZ	1.0	22.0	22	CTCF	8191.25	942.386	8191.25	46	703	0
chr5_139394248_139394443	-1.926	-1.322	chr5	139394248	139394443	CTCF_ENCSR000DKV	19.0	5.0	19	CTCF	2134.602	5338.0	5338.0	195	1013	1
chr5_139394248_139394443	-4.392	-1.322	chr5	139394248	139394443	CTCF_ENCSR000DRZ	21.0	1.0	21	CTCF	2134.602	5338.0	5338.0	195	705	0
chr5_146130549_146130673	1.369	-0.035	chr5	146130549	146130673	CTCF_ENCSR000AKB	12.0	31.0	31	CTCF	5351.024	5483.0	5483.0	124	418	0
chr5_146446966_146447332	2.848	0.665	chr5	146446966	146447332	CTCF_ENCSR000DKV	5.0	36.0	36	CTCF	7182.0	4529.867	7182.0	366	1017	0
chr5_146446966_146447332	1.515	0.665	chr5	146446966	146447332	CTCF_ENCSR000DRZ	7.0	20.0	20	CTCF	7182.0	4529.867	7182.0	366	707	1
chr5_151239370_151239472	3.7	4.309	chr5	151239370	151239472	CTCF_ENCSR000DKV	3.0	39.0	39	CTCF	12133.0	612.2	12133.0	102	1020	1
chr5_151239370_151239472	4.7	4.309	chr5	151239370	151239472	CTCF_ENCSR000DRZ	1.0	26.0	26	CTCF	12133.0	612.2	12133.0	102	710	1
chr5_152462226_152462684	-4.087	-3.719	chr5	152462226	152462684	CTCF_ENCSR000AKB	17.0	1.0	17	CTCF	311.924	4108.5	4108.5	458	422	1
chr5_152462226_152462684	-4.0	-3.719	chr5	152462226	152462684	CTCF_ENCSR000DRZ	16.0	1.0	16	CTCF	311.924	4108.5	4108.5	458	713	1
chr5_154189921_154190543	-3.087	-1.523	chr5	154189921	154190543	CTCF_ENCSR000DKV	17.0	2.0	17	CTCF	1685.653	4846.0	4846.0	622	1023	0
chr5_159444654_159444710	-1.585	-0.657	chr5	159444654	159444710	CTCF_ENCSR000DKV	18.0	6.0	18	CTCF	3538.867	5579.0	5579.0	56	1026	1
chr5_172958820_172959720	-4.644	0.013	chr5	172958820	172959720	CTCF_ENCSR000AKB	25.0	1.0	25	CTCF	647.5	641.509	647.5	900	426	0
chr5_172958820_172959720	-5.129	0.013	chr5	172958820	172959720	CTCF_ENCSR000DKV	35.0	1.0	35	CTCF	647.5	641.509	647.5	900	1034	0
chr5_172958820_172959720	-4.392	0.013	chr5	172958820	172959720	CTCF_ENCSR000DRZ	21.0	1.0	21	CTCF	647.5	641.509	647.5	900	719	0
chr5_176574183_176574269	-1.399	-0.008	chr5	176574183	176574269	CTCF_ENCSR000AKB	29.0	11.0	29	CTCF	13371.996	13448.0	13448.0	86	427	0
chr5_178197071_178197480	3.0	-0.021	chr5	178197071	178197480	CTCF_ENCSR000DRZ	2.0	16.0	16	CTCF	4440.016	4506.5	4506.5	409	721	0
chr5_180860687_180860843	-2.059	-0.192	chr5	180860687	180860843	CTCF_ENCSR000DKV	25.0	6.0	25	CTCF	5008.127	5722.0	5722.0	156	1039	0
chr5_18698465_18698765	-1.807	-0.009	chr5	18698465	18698765	CTCF_ENCSR000DRZ	28.0	8.0	28	CTCF	1468.006	1477.0	1477.0	300	723	0
chr5_33470723_33470777	3.17	2.991	chr5	33470723	33470777	CTCF_ENCSR000DKV	2.0	18.0	18	CTCF	2496.0	313.874	2496.0	54	1043	1
chr5_35815723_35815777	2.17	1.378	chr5	35815723	35815777	CTCF_ENCSR000DKV	4.0	18.0	18	CTCF	9264.0	3564.616	9264.0	54	1045	1
chr5_35815723_35815777	2.222	1.378	chr5	35815723	35815777	CTCF_ENCSR000DRZ	6.0	28.0	28	CTCF	9264.0	3564.616	9264.0	54	727	1
chr5_55226200_55227330	1.536	0.619	chr5	55226200	55227330	CTCF_ENCSR000DKV	10.0	29.0	29	CTCF	933.0	607.349	933.0	1130	1052	1
chr5_56314713_56314785	-1.147	-0.926	chr5	56314713	56314785	CTCF_ENCSR000DKV	31.0	14.0	31	CTCF	5453.474	10364.0	10364.0	72	1053	1
chr5_71778828_71778894	2.248	1.116	chr5	71778828	71778894	CTCF_ENCSR000DKV	4.0	19.0	19	CTCF	8752.0	4039.037	8752.0	66	1056	0
chr6_104525720_104526028	1.415	-0.001	chr6	104525720	104526028	CTCF_ENCSR000DKV	6.0	16.0	16	CTCF	3730.002	3733.5	3733.5	308	1069	0
chr6_10465773_10465869	1.202	0.019	chr6	10465773	10465869	CTCF_ENCSR000DRZ	10.0	23.0	23	CTCF	6866.0	6776.016	6866.0	96	740	0
chr6_126170967_126171327	-1.07	-0.05	chr6	126170967	126171327	CTCF_ENCSR000DKV	21.0	10.0	21	CTCF	5578.035	5773.0	5773.0	360	1081	0
chr6_134882590_134882672	-4.7	-0.835	chr6	134882590	134882672	CTCF_ENCSR000DKV	52.0	2.0	52	CTCF	5576.441	9951.0	9951.0	82	1084	0
chr6_134882590_134882672	-4.358	-0.835	chr6	134882590	134882672	CTCF_ENCSR000DRZ	41.0	2.0	41	CTCF	5576.441	9951.0	9951.0	82	746	0
chr6_142146976_142147322	1.503	0.023	chr6	142146976	142147322	CTCF_ENCSR000DKV	6.0	17.0	17	CTCF	9258.0	9109.018	9258.0	346	1088	0
chr6_148948034_148948088	-1.078	-0.162	chr6	148948034	148948088	CTCF_ENCSR000AKB	19.0	9.0	19	CTCF	10356.103	11588.0	11588.0	54	440	1
chr6_158813934_158814392	-1.722	-0.408	chr6	158813934	158814392	CTCF_ENCSR000DKV	33.0	10.0	33	CTCF	465.746	618.0	618.0	458	1100	0
chr6_158813934_158814392	-1.441	-0.408	chr6	158813934	158814392	CTCF_ENCSR000DRZ	19.0	7.0	19	CTCF	465.746	618.0	618.0	458	756	0
chr6_160103489_160103571	-1.17	0.075	chr6	160103489	160103571	CTCF_ENCSR000DKV	18.0	8.0	18	CTCF	5024.0	4771.053	5024.0	82	1101	0
chr6_160138377_160138465	1.29	0.138	chr6	160138377	160138465	CTCF_ENCSR000DRZ	9.0	22.0	22	CTCF	8924.0	8108.084	8924.0	88	757	0
chr6_28399692_28399918	-1.737	0.002	chr6	28399692	28399918	CTCF_ENCSR000AKB	20.0	6.0	20	CTCF	2607.0	2603.002	2607.0	226	448	0
chr6_29702687_29702735	-2.047	-0.549	chr6	29702687	29702735	CTCF_ENCSR000AKB	62.0	15.0	62	CTCF	8336.315	12198.0	12198.0	48	449	0
chr6_29702687_29702735	-1.773	-0.549	chr6	29702687	29702735	CTCF_ENCSR000DKV	123.0	36.0	123	CTCF	8336.315	12198.0	12198.0	48	1118	0
chr6_29702687_29702735	-1.737	-0.549	chr6	29702687	29702735	CTCF_ENCSR000DRZ	80.0	24.0	80	CTCF	8336.315	12198.0	12198.0	48	763	0
chr6_29848202_29848282	1.07	0.027	chr6	29848202	29848282	CTCF_ENCSR000DKV	20.0	42.0	42	CTCF	12862.0	12626.018	12862.0	80	1120	0
chr6_29848202_29848282	1.585	0.027	chr6	29848202	29848282	CTCF_ENCSR000DRZ	8.0	24.0	24	CTCF	12862.0	12626.018	12862.0	80	765	0
chr6_31137596_31137668	1.059	-0.0	chr6	31137596	31137668	CTCF_ENCSR000AKB	12.0	25.0	25	CTCF	12390.001	12391.0	12391.0	72	452	0
chr6_31197041_31197271	1.613	0.072	chr6	31197041	31197271	CTCF_ENCSR000AKB	17.0	52.0	52	CTCF	12836.0	12210.052	12836.0	230	453	0
chr6_31367044_31367106	1.485	0.071	chr6	31367044	31367106	CTCF_ENCSR000AKB	15.0	42.0	42	CTCF	12909.0	12287.043	12909.0	62	454	0
chr6_31367044_31367106	1.527	0.071	chr6	31367044	31367106	CTCF_ENCSR000DRZ	17.0	49.0	49	CTCF	12909.0	12287.043	12909.0	62	769	0
chr6_31493834_31494140	-2.082	-0.046	chr6	31493834	31494140	CTCF_ENCSR000DKV	72.0	17.0	72	CTCF	9224.034	9521.0	9521.0	306	1126	0
chr6_31923093_31923155	-0.862	-1.018	chr6	31923093	31923155	CTCF_ENCSR000DKV	20.0	11.0	20	CTCF	4377.509	8867.5	8867.5	62	1127	1
chr6_31923093_31923155	-1.459	-1.018	chr6	31923093	31923155	CTCF_ENCSR000DRZ	22.0	8.0	22	CTCF	4377.509	8867.5	8867.5	62	771	1
chr6_32608531_32608589	-2.807	0.05	chr6	32608531	32608589	CTCF_ENCSR000AKB	21.0	3.0	21	CTCF	3435.0	3317.035	3435.0	58	459	0
chr6_32608531_32608589	-4.248	0.05	chr6	32608531	32608589	CTCF_ENCSR000DKV	19.0	1.0	19	CTCF	3435.0	3317.035	3435.0	58	1130	0
chr6_32692037_32692425	1.385	0.544	chr6	32692037	32692425	CTCF_ENCSR000AKB	18.0	47.0	47	CTCF	4445.0	3048.563	4445.0	388	460	1
chr6_32692037_32692425	1.043	0.544	chr6	32692037	32692425	CTCF_ENCSR000DRZ	33.0	68.0	68	CTCF	4445.0	3048.563	4445.0	388	774	1
chr6_32838760_32838908	-2.17	-0.012	chr6	32838760	32838908	CTCF_ENCSR000DKV	36.0	8.0	36	CTCF	12258.004	12361.5	12361.5	148	1132	0
chr6_32838760_32838908	-1.363	-0.012	chr6	32838760	32838908	CTCF_ENCSR000DRZ	18.0	7.0	18	CTCF	12258.004	12361.5	12361.5	148	775	0
chr6_33123865_33123945	2.585	-0.113	chr6	33123865	33123945	CTCF_ENCSR000AKB	3.0	18.0	18	CTCF	5964.075	6450.0	6450.0	80	463	0
chr6_33123865_33123945	2.263	-0.113	chr6	33123865	33123945	CTCF_ENCSR000DKV	5.0	24.0	24	CTCF	5964.075	6450.0	6450.0	80	1136	0
chr6_33711651_33711903	-1.241	-0.349	chr6	33711651	33711903	CTCF_ENCSR000DKV	26.0	11.0	26	CTCF	4434.213	5648.0	5648.0	252	1139	1
chr6_35757635_35757695	1.059	0.806	chr6	35757635	35757695	CTCF_ENCSR000DKV	12.0	25.0	25	CTCF	4822.5	2757.427	4822.5	60	1140	1
chr6_36701682_36701750	-2.17	-2.021	chr6	36701682	36701750	CTCF_ENCSR000DKV	18.0	4.0	18	CTCF	1426.753	5790.0	5790.0	68	1142	1
chr6_36701682_36701750	-2.322	-2.021	chr6	36701682	36701750	CTCF_ENCSR000DRZ	20.0	4.0	20	CTCF	1426.753	5790.0	5790.0	68	779	1
chr6_41786592_41786670	-1.222	0.059	chr6	41786592	41786670	CTCF_ENCSR000DKV	21.0	9.0	21	CTCF	10410.0	9994.039	10410.0	78	1144	0
chr6_42104171_42104583	-1.193	-0.032	chr6	42104171	42104583	CTCF_ENCSR000AKB	16.0	7.0	16	CTCF	8348.02	8533.0	8533.0	412	464	0
chr6_42104171_42104583	1.678	-0.032	chr6	42104171	42104583	CTCF_ENCSR000DKV	5.0	16.0	16	CTCF	8348.02	8533.0	8533.0	412	1145	0
chr6_43386684_43386732	-1.652	-2.262	chr6	43386684	43386732	CTCF_ENCSR000DKV	22.0	7.0	22	CTCF	1039.792	4988.0	4988.0	48	1147	1
chr6_47309938_47310090	1.415	0.015	chr6	47309938	47310090	CTCF_ENCSR000DKV	6.0	16.0	16	CTCF	11540.0	11420.009	11540.0	152	1150	0
chr6_48765492_48765646	1.893	0.028	chr6	48765492	48765646	CTCF_ENCSR000DKV	7.0	26.0	26	CTCF	4786.5	4694.521	4786.5	154	1151	0
chr6_53956215_53956327	2.138	1.305	chr6	53956215	53956327	CTCF_ENCSR000DKV	5.0	22.0	22	CTCF	9271.0	3751.095	9271.0	112	1155	1
chr6_53956215_53956327	2.503	1.305	chr6	53956215	53956327	CTCF_ENCSR000DRZ	3.0	17.0	17	CTCF	9271.0	3751.095	9271.0	112	785	0
chr6_57961360_57961590	1.415	-0.041	chr6	57961360	57961590	CTCF_ENCSR000AKB	6.0	16.0	16	CTCF	13335.514	13724.0	13724.0	230	468	0
chr6_99520969_99521033	-2.415	0.962	chr6	99520969	99521033	CTCF_ENCSR000AKB	16.0	3.0	16	CTCF	6633.0	3405.489	6633.0	64	472	0
chr6_99520969_99521033	-2.147	0.962	chr6	99520969	99521033	CTCF_ENCSR000DKV	31.0	7.0	31	CTCF	6633.0	3405.489	6633.0	64	1166	0
chr7_100897263_100897439	2.28	-0.157	chr7	100897263	100897439	CTCF_ENCSR000DKV	7.0	34.0	34	CTCF	11762.095	13116.0	13116.0	176	1169	0
chr7_100966197_100966615	-1.441	-0.038	chr7	100966197	100966615	CTCF_ENCSR000DKV	38.0	14.0	38	CTCF	3439.026	3530.0	3530.0	418	1170	0
chr7_100966197_100966615	-1.392	-0.038	chr7	100966197	100966615	CTCF_ENCSR000DRZ	21.0	8.0	21	CTCF	3439.026	3530.0	3530.0	418	794	0
chr7_101364091_101364181	1.585	-0.016	chr7	101364091	101364181	CTCF_ENCSR000AKB	10.0	30.0	30	CTCF	12702.005	12846.0	12846.0	90	473	0
chr7_101364091_101364181	1.263	-0.016	chr7	101364091	101364181	CTCF_ENCSR000DKV	10.0	24.0	24	CTCF	12702.005	12846.0	12846.0	90	1172	0
chr7_101364091_101364181	1.248	-0.016	chr7	101364091	101364181	CTCF_ENCSR000DRZ	8.0	19.0	19	CTCF	12702.005	12846.0	12846.0	90	796	0
chr7_101602491_101602711	-1.737	-0.01	chr7	101602491	101602711	CTCF_ENCSR000AKB	20.0	6.0	20	CTCF	13272.005	13366.0	13366.0	220	474	0
chr7_102480041_102480250	3.17	0.016	chr7	102480041	102480250	CTCF_ENCSR000AKB	2.0	18.0	18	CTCF	3908.5	3866.51	3908.5	209	475	0
chr7_102480041_102480250	3.369	0.016	chr7	102480041	102480250	CTCF_ENCSR000DKV	3.0	31.0	31	CTCF	3908.5	3866.51	3908.5	209	1175	0
chr7_102480041_102480250	3.087	0.016	chr7	102480041	102480250	CTCF_ENCSR000DRZ	2.0	17.0	17	CTCF	3908.5	3866.51	3908.5	209	798	0
chr7_105531940_105532302	1.17	0.001	chr7	105531940	105532302	CTCF_ENCSR000DKV	16.0	36.0	36	CTCF	3379.0	3376.999	3379.0	362	1176	0
chr7_105934750_105934788	-2.138	-0.037	chr7	105934750	105934788	CTCF_ENCSR000DKV	22.0	5.0	22	CTCF	5114.022	5246.0	5246.0	38	1177	0
chr7_107879486_107879614	-1.107	-0.087	chr7	107879486	107879614	CTCF_ENCSR000DKV	28.0	13.0	28	CTCF	7815.06	8302.0	8302.0	128	1179	0
chr7_108181214_108181298	-2.17	-0.01	chr7	108181214	108181298	CTCF_ENCSR000AKB	27.0	6.0	27	CTCF	8930.001	8994.0	8994.0	84	478	0
chr7_108181214_108181298	-1.613	-0.01	chr7	108181214	108181298	CTCF_ENCSR000DKV	52.0	17.0	52	CTCF	8930.001	8994.0	8994.0	84	1180	0
chr7_108181214_108181298	-1.28	-0.01	chr7	108181214	108181298	CTCF_ENCSR000DRZ	17.0	7.0	17	CTCF	8930.001	8994.0	8994.0	84	802	0
chr7_116671796_116672120	1.474	0.001	chr7	116671796	116672120	CTCF_ENCSR000DKV	9.0	25.0	25	CTCF	5091.0	5089.001	5091.0	324	1183	0
chr7_116930555_116930717	-1.766	0.001	chr7	116930555	116930717	CTCF_ENCSR000DRZ	17.0	5.0	17	CTCF	11550.0	11544.0	11550.0	162	804	0
chr7_120806063_120806119	1.193	-0.077	chr7	120806063	120806119	CTCF_ENCSR000AKB	7.0	16.0	16	CTCF	9370.052	9882.0	9882.0	56	481	0
chr7_135170692_135170998	1.087	-0.024	chr7	135170692	135170998	CTCF_ENCSR000AKB	8.0	17.0	17	CTCF	3143.016	3195.0	3195.0	306	484	0
chr7_135170692_135170998	1.503	-0.024	chr7	135170692	135170998	CTCF_ENCSR000DKV	6.0	17.0	17	CTCF	3143.016	3195.0	3195.0	306	1192	0
chr7_149662698_149662818	1.392	-0.009	chr7	149662698	149662818	CTCF_ENCSR000AKB	8.0	21.0	21	CTCF	8910.007	8966.0	8966.0	120	486	0
chr7_151091581_151091590	1.193	-0.009	chr7	151091581	151091590	CTCF_ENCSR000DKV	7.0	16.0	16	CTCF	5651.006	5686.0	5686.0	9	1197	0
chr7_22550351_22550467	-1.404	-0.961	chr7	22550351	22550467	CTCF_ENCSR000DKV	45.0	17.0	45	CTCF	6547.483	12750.0	12750.0	116	1205	1
chr7_22550351_22550467	-1.874	-0.961	chr7	22550351	22550467	CTCF_ENCSR000DRZ	44.0	12.0	44	CTCF	6547.483	12750.0	12750.0	116	816	1
chr7_22854011_22854379	1.848	0.023	chr7	22854011	22854379	CTCF_ENCSR000DKV	5.0	18.0	18	CTCF	6236.0	6136.022	6236.0	368	1207	0
chr7_23545053_23545173	-2.248	-3.771	chr7	23545053	23545173	CTCF_ENCSR000AKB	19.0	4.0	19	CTCF	484.427	6613.0	6613.0	120	491	0
chr7_23545053_23545173	-4.087	-3.771	chr7	23545053	23545173	CTCF_ENCSR000DKV	17.0	1.0	17	CTCF	484.427	6613.0	6613.0	120	1208	1
chr7_23545053_23545173	-4.459	-3.771	chr7	23545053	23545173	CTCF_ENCSR000DRZ	22.0	1.0	22	CTCF	484.427	6613.0	6613.0	120	817	1
chr7_262954_263002	1.1	0.029	chr7	262954	263002	CTCF_ENCSR000DKV	14.0	30.0	30	CTCF	5006.0	4908.025	5006.0	48	1212	0
chr7_262954_263002	2.129	0.029	chr7	262954	263002	CTCF_ENCSR000DRZ	8.0	35.0	35	CTCF	5006.0	4908.025	5006.0	48	819	0
chr7_2651551_2651631	-4.248	-3.222	chr7	2651551	2651631	CTCF_ENCSR000DRZ	19.0	1.0	19	CTCF	241.643	2255.0	2255.0	80	820	0
chr7_3200664_3200740	1.515	-0.105	chr7	3200664	3200740	CTCF_ENCSR000DRZ	7.0	20.0	20	CTCF	3832.572	4122.5	4122.5	76	823	0
chr7_32204500_32204626	-1.064	0.046	chr7	32204500	32204626	CTCF_ENCSR000DKV	23.0	11.0	23	CTCF	8986.0	8701.032	8986.0	126	1217	0
chr7_38070712_38070848	-2.459	-1.468	chr7	38070712	38070848	CTCF_ENCSR000DKV	22.0	4.0	22	CTCF	1799.139	4978.0	4978.0	136	1221	1
chr7_38070712_38070848	-3.0	-1.468	chr7	38070712	38070848	CTCF_ENCSR000DRZ	24.0	3.0	24	CTCF	1799.139	4978.0	4978.0	136	826	0
chr7_39742386_39742418	2.585	0.497	chr7	39742386	39742418	CTCF_ENCSR000AKB	4.0	24.0	24	CTCF	9125.0	6467.286	9125.0	32	495	0
chr7_39742386_39742418	1.369	0.497	chr7	39742386	39742418	CTCF_ENCSR000DKV	12.0	31.0	31	CTCF	9125.0	6467.286	9125.0	32	1223	1
chr7_39742386_39742418	1.784	0.497	chr7	39742386	39742418	CTCF_ENCSR000DRZ	9.0	31.0	31	CTCF	9125.0	6467.286	9125.0	32	828	0
chr7_41940852_41941024	-1.17	0.012	chr7	41940852	41941024	CTCF_ENCSR000DKV	90.0	40.0	90	CTCF	10828.0	10740.012	10828.0	172	1224	0
chr7_48424941_48425015	1.322	0.029	chr7	48424941	48425015	CTCF_ENCSR000DRZ	8.0	20.0	20	CTCF	4935.0	4837.02	4935.0	74	834	0
chr7_50633046_50633174	2.807	0.021	chr7	50633046	50633174	CTCF_ENCSR000DKV	4.0	28.0	28	CTCF	11224.0	11064.008	11224.0	128	1232	0
chr7_50633046_50633174	4.585	0.021	chr7	50633046	50633174	CTCF_ENCSR000DRZ	1.0	24.0	24	CTCF	11224.0	11064.008	11224.0	128	836	0
chr7_55255376_55255938	1.193	-0.013	chr7	55255376	55255938	CTCF_ENCSR000AKB	21.0	48.0	48	CTCF	5964.011	6016.0	6016.0	562	502	0
chr7_55255376_55255938	1.986	-0.013	chr7	55255376	55255938	CTCF_ENCSR000DKV	26.0	103.0	103	CTCF	5964.011	6016.0	6016.0	562	1235	0
chr7_6516462_6516588	2.585	0.002	chr7	6516462	6516588	CTCF_ENCSR000AKB	5.0	30.0	30	CTCF	10833.0	10817.014	10833.0	126	504	0
chr7_6516462_6516588	1.943	0.002	chr7	6516462	6516588	CTCF_ENCSR000DKV	13.0	50.0	50	CTCF	10833.0	10817.014	10833.0	126	1238	0
chr7_6516462_6516588	1.241	0.002	chr7	6516462	6516588	CTCF_ENCSR000DRZ	11.0	26.0	26	CTCF	10833.0	10817.014	10833.0	126	841	0
chr7_6930889_6931003	-2.874	-0.124	chr7	6930889	6931003	CTCF_ENCSR000AKB	22.0	3.0	22	CTCF	8045.083	8765.0	8765.0	114	505	0
chr7_6930889_6931003	-3.503	-0.124	chr7	6930889	6931003	CTCF_ENCSR000DKV	34.0	3.0	34	CTCF	8045.083	8765.0	8765.0	114	1239	0
chr7_6930889_6931003	-3.7	-0.124	chr7	6930889	6931003	CTCF_ENCSR000DRZ	26.0	2.0	26	CTCF	8045.083	8765.0	8765.0	114	842	0
chr7_8036052_8036134	-1.354	-0.08	chr7	8036052	8036134	CTCF_ENCSR000DRZ	23.0	9.0	23	CTCF	6242.058	6600.0	6600.0	82	843	0
chr7_85750521_85750603	-3.0	-0.335	chr7	85750521	85750603	CTCF_ENCSR000AKB	16.0	2.0	16	CTCF	6914.205	8724.0	8724.0	82	506	0
chr7_85750521_85750603	-1.254	-0.335	chr7	85750521	85750603	CTCF_ENCSR000DKV	31.0	13.0	31	CTCF	6914.205	8724.0	8724.0	82	1244	1
chr7_98168674_98168836	1.585	0.613	chr7	98168674	98168836	CTCF_ENCSR000DKV	8.0	24.0	24	CTCF	8440.0	5517.341	8440.0	162	1248	1
chr7_98168674_98168836	1.415	0.613	chr7	98168674	98168836	CTCF_ENCSR000DRZ	6.0	16.0	16	CTCF	8440.0	5517.341	8440.0	162	847	1
chr8_103125076_103125118	-1.848	-2.341	chr8	103125076	103125118	CTCF_ENCSR000AKB	18.0	5.0	18	CTCF	1555.803	7885.0	7885.0	42	508	1
chr8_103125076_103125118	-2.1	-2.341	chr8	103125076	103125118	CTCF_ENCSR000DKV	30.0	7.0	30	CTCF	1555.803	7885.0	7885.0	42	1251	1
chr8_103125076_103125118	-2.415	-2.341	chr8	103125076	103125118	CTCF_ENCSR000DRZ	16.0	3.0	16	CTCF	1555.803	7885.0	7885.0	42	849	1
chr8_106081112_106081260	-1.644	-0.386	chr8	106081112	106081260	CTCF_ENCSR000AKB	25.0	8.0	25	CTCF	6509.234	8506.0	8506.0	148	509	0
chr8_106081112_106081260	-1.263	-0.386	chr8	106081112	106081260	CTCF_ENCSR000DKV	36.0	15.0	36	CTCF	6509.234	8506.0	8506.0	148	1252	1
chr8_106081112_106081260	-1.7	-0.386	chr8	106081112	106081260	CTCF_ENCSR000DRZ	39.0	12.0	39	CTCF	6509.234	8506.0	8506.0	148	850	0
chr8_107779915_107779991	-1.678	-0.378	chr8	107779915	107779991	CTCF_ENCSR000DRZ	16.0	5.0	16	CTCF	5970.234	7761.0	7761.0	76	851	0
chr8_125644619_125644769	-1.459	0.0	chr8	125644619	125644769	CTCF_ENCSR000AKB	22.0	8.0	22	CTCF	8072.0	8070.997	8072.0	150	513	0
chr8_126824493_126824729	-1.17	-0.017	chr8	126824493	126824729	CTCF_ENCSR000DKV	36.0	16.0	36	CTCF	8622.008	8724.0	8724.0	236	1260	0
chr8_126824493_126824729	-1.392	-0.017	chr8	126824493	126824729	CTCF_ENCSR000DRZ	21.0	8.0	21	CTCF	8622.008	8724.0	8724.0	236	858	0
chr8_13655229_13655261	-3.248	-0.871	chr8	13655229	13655261	CTCF_ENCSR000DKV	19.0	2.0	19	CTCF	2964.954	5424.0	5424.0	32	1266	0
chr8_137492965_137493109	-1.17	0.04	chr8	137492965	137493109	CTCF_ENCSR000DKV	45.0	20.0	45	CTCF	7664.0	7456.024	7664.0	144	1267	0
chr8_137492965_137493109	-1.737	0.04	chr8	137492965	137493109	CTCF_ENCSR000DRZ	20.0	6.0	20	CTCF	7664.0	7456.024	7664.0	144	862	0
chr8_144277681_144277890	-2.585	0.132	chr8	144277681	144277890	CTCF_ENCSR000DKV	18.0	3.0	18	CTCF	12980.0	11848.092	12980.0	209	1275	0
chr8_19779667_19779765	2.524	-0.063	chr8	19779667	19779765	CTCF_ENCSR000DRZ	4.0	23.0	23	CTCF	9187.043	9598.0	9598.0	98	867	0
chr8_32549021_32549319	2.392	0.032	chr8	32549021	32549319	CTCF_ENCSR000AKB	4.0	21.0	21	CTCF	1742.0	1704.021	1742.0	298	521	0
chr8_32554834_32554908	2.0	-0.17	chr8	32554834	32554908	CTCF_ENCSR000DKV	9.0	36.0	36	CTCF	6613.617	7440.5	7440.5	74	1282	0
chr8_32554834_32554908	1.054	-0.17	chr8	32554834	32554908	CTCF_ENCSR000DRZ	13.0	27.0	27	CTCF	6613.617	7440.5	7440.5	74	870	0
chr8_54551818_54551952	-2.193	-0.085	chr8	54551818	54551952	CTCF_ENCSR000AKB	32.0	7.0	32	CTCF	7895.056	8376.0	8376.0	134	523	0
chr8_69832511_69832581	1.248	-0.188	chr8	69832511	69832581	CTCF_ENCSR000AKB	8.0	19.0	19	CTCF	8332.119	9494.0	9494.0	70	525	0
chr8_8670684_8670802	-2.7	0.008	chr8	8670684	8670802	CTCF_ENCSR000DKV	26.0	4.0	26	CTCF	10662.0	10602.008	10662.0	118	1296	0
chr8_8670684_8670802	-2.737	0.008	chr8	8670684	8670802	CTCF_ENCSR000DRZ	20.0	3.0	20	CTCF	10662.0	10602.008	10662.0	118	879	0
chr8_96227342_96227462	-1.837	0.002	chr8	96227342	96227462	CTCF_ENCSR000DKV	25.0	7.0	25	CTCF	7169.0	7159.003	7169.0	120	1300	0
chr8_97582577_97582759	3.459	0.046	chr8	97582577	97582759	CTCF_ENCSR000DKV	3.0	33.0	33	CTCF	8662.0	8391.033	8662.0	182	1302	0
chr8_97582577_97582759	3.392	0.046	chr8	97582577	97582759	CTCF_ENCSR000DRZ	2.0	21.0	21	CTCF	8662.0	8391.033	8662.0	182	882	0
chr9_104091906_104091944	4.585	0.125	chr9	104091906	104091944	CTCF_ENCSR000DKV	1.0	24.0	24	CTCF	2921.5	2678.583	2921.5	38	1307	0
chr9_104091906_104091944	4.392	0.125	chr9	104091906	104091944	CTCF_ENCSR000DRZ	1.0	21.0	21	CTCF	2921.5	2678.583	2921.5	38	885	0
chr9_105447879_105448087	-1.624	-1.666	chr9	105447879	105448087	CTCF_ENCSR000DKV	37.0	12.0	37	CTCF	1914.684	6078.0	6078.0	208	1309	1
chr9_111622053_111622113	-2.722	-0.412	chr9	111622053	111622113	CTCF_ENCSR000DKV	33.0	5.0	33	CTCF	7307.247	9724.0	9724.0	60	1312	0
chr9_111622053_111622113	-1.619	-0.412	chr9	111622053	111622113	CTCF_ENCSR000DRZ	43.0	14.0	43	CTCF	7307.247	9724.0	9724.0	60	888	0
chr9_132575170_132575250	1.663	0.056	chr9	132575170	132575250	CTCF_ENCSR000DRZ	6.0	19.0	19	CTCF	10306.0	9914.039	10306.0	80	898	0
chr9_137176711_137176759	2.459	0.095	chr9	137176711	137176759	CTCF_ENCSR000DRZ	4.0	22.0	22	CTCF	5279.0	4942.067	5279.0	48	902	0
chr9_16039491_16039700	3.087	1.72	chr9	16039491	16039700	CTCF_ENCSR000DRZ	2.0	17.0	17	CTCF	6064.0	1840.696	6064.0	209	904	0
chr9_1732831_1732931	1.193	1.307	chr9	1732831	1732931	CTCF_ENCSR000AKB	7.0	16.0	16	CTCF	5684.0	2296.596	5684.0	100	535	1
chr9_1732831_1732931	3.222	1.307	chr9	1732831	1732931	CTCF_ENCSR000DKV	3.0	28.0	28	CTCF	5684.0	2296.596	5684.0	100	1333	0
chr9_1732831_1732931	1.503	1.307	chr9	1732831	1732931	CTCF_ENCSR000DRZ	6.0	17.0	17	CTCF	5684.0	2296.596	5684.0	100	906	1
chr9_20941237_20941311	1.363	0.05	chr9	20941237	20941311	CTCF_ENCSR000DKV	14.0	36.0	36	CTCF	9527.0	9201.039	9527.0	74	1336	0
chr9_20941237_20941311	2.663	0.05	chr9	20941237	20941311	CTCF_ENCSR000DRZ	3.0	19.0	19	CTCF	9527.0	9201.039	9527.0	74	909	0
chr9_34664466_34664544	-1.087	0.005	chr9	34664466	34664544	CTCF_ENCSR000DRZ	34.0	16.0	34	CTCF	12324.0	12278.001	12324.0	78	912	0
chr9_36855635_36855715	-4.524	0.131	chr9	36855635	36855715	CTCF_ENCSR000DRZ	23.0	1.0	23	CTCF	5177.0	4726.085	5177.0	80	913	0
chr9_38672522_38672616	-0.515	-1.151	chr9	38672522	38672616	CTCF_ENCSR000DKV	20.0	14.0	20	CTCF	4815.551	10696.0	10696.0	94	1344	1
chr9_38672522_38672616	-2.138	-1.151	chr9	38672522	38672616	CTCF_ENCSR000DRZ	22.0	5.0	22	CTCF	4815.551	10696.0	10696.0	94	915	1
chr9_4117897_4117935	-3.059	-3.336	chr9	4117897	4117935	CTCF_ENCSR000DKV	25.0	3.0	25	CTCF	515.901	5211.0	5211.0	38	1345	1
chr9_4117897_4117935	-5.392	-3.336	chr9	4117897	4117935	CTCF_ENCSR000DRZ	42.0	1.0	42	CTCF	515.901	5211.0	5211.0	38	916	0
chr9_42743577_42743773	1.248	0.011	chr9	42743577	42743773	CTCF_ENCSR000DKV	8.0	19.0	19	CTCF	10452.0	10374.005	10452.0	196	1346	0
chr9_4762041_4762937	-1.322	-0.019	chr9	4762041	4762937	CTCF_ENCSR000AKB	20.0	8.0	20	CTCF	638.013	646.5	646.5	896	540	0
chr9_6354257_6354361	1.248	0.116	chr9	6354257	6354361	CTCF_ENCSR000DRZ	8.0	19.0	19	CTCF	10786.0	9954.088	10786.0	104	918	0
chr9_78239631_78239840	4.0	1.538	chr9	78239631	78239840	CTCF_ENCSR000DRZ	1.0	16.0	16	CTCF	2430.0	836.655	2430.0	209	923	0
chr9_88741522_88741560	-1.078	-1.532	chr9	88741522	88741560	CTCF_ENCSR000DKV	19.0	9.0	19	CTCF	1582.154	4575.0	4575.0	38	1359	1
chr9_92729406_92729618	2.524	3.264	chr9	92729406	92729618	CTCF_ENCSR000AKB	4.0	23.0	23	CTCF	5387.0	560.896	5387.0	212	544	1
chr9_92729406_92729618	3.624	3.264	chr9	92729406	92729618	CTCF_ENCSR000DKV	3.0	37.0	37	CTCF	5387.0	560.896	5387.0	212	1361	1
chr9_92729406_92729618	3.807	3.264	chr9	92729406	92729618	CTCF_ENCSR000DRZ	2.0	28.0	28	CTCF	5387.0	560.896	5387.0	212	927	1
chr9_96317460_96317590	-1.585	-0.052	chr9	96317460	96317590	CTCF_ENCSR000AKB	21.0	7.0	21	CTCF	10638.027	11030.0	11030.0	130	545	0
chr9_96317460_96317590	-2.624	-0.052	chr9	96317460	96317590	CTCF_ENCSR000DKV	37.0	6.0	37	CTCF	10638.027	11030.0	11030.0	130	1363	0
chr9_96317460_96317590	-2.874	-0.052	chr9	96317460	96317590	CTCF_ENCSR000DRZ	44.0	6.0	44	CTCF	10638.027	11030.0	11030.0	130	929	0
chr9_97901009_97901441	2.087	-0.013	chr9	97901009	97901441	CTCF_ENCSR000AKB	4.0	17.0	17	CTCF	5205.006	5251.0	5251.0	432	547	0
chr9_97901009_97901441	2.585	-0.013	chr9	97901009	97901441	CTCF_ENCSR000DKV	4.0	24.0	24	CTCF	5205.006	5251.0	5251.0	432	1365	0
chr10_102669851_102670060	-3.087	-4.374	chr10	102669851	102670060	CTCF_ENCSR000DRZ	17.0	2.0	17	CTCF	315.952	6552.0	6552.0	209	89	0
chr10_108784090_108784162	1.807	-0.0	chr10	108784090	108784162	CTCF_ENCSR000DKV	6.0	21.0	21	CTCF	6637.999	6639.0	6639.0	72	128	0
chr10_108784090_108784162	2.503	-0.0	chr10	108784090	108784162	CTCF_ENCSR000DRZ	3.0	17.0	17	CTCF	6637.999	6639.0	6639.0	72	91	0
chr10_110746464_110746628	-4.0	-0.066	chr10	110746464	110746628	CTCF_ENCSR000DRZ	16.0	1.0	16	CTCF	8394.043	8786.0	8786.0	164	93	0
chr10_113563572_113563662	1.042	-0.002	chr10	113563572	113563662	CTCF_ENCSR000AKB	17.0	35.0	35	CTCF	13595.001	13618.0	13618.0	90	55	0
chr10_113679725_113679977	-1.152	0.019	chr10	113679725	113679977	CTCF_ENCSR000DKV	20.0	9.0	20	CTCF	4830.0	4768.007	4830.0	252	132	0
chr10_116521473_116521887	1.585	0.0	chr10	116521473	116521887	CTCF_ENCSR000AKB	7.0	21.0	21	CTCF	7412.0	7412.0	7412.0	414	56	0
chr10_116521473_116521887	1.652	0.0	chr10	116521473	116521887	CTCF_ENCSR000DKV	7.0	22.0	22	CTCF	7412.0	7412.0	7412.0	414	133	0
chr10_116521473_116521887	2.248	0.0	chr10	116521473	116521887	CTCF_ENCSR000DRZ	4.0	19.0	19	CTCF	7412.0	7412.0	7412.0	414	95	0
chr10_121887147_121887223	4.7	3.584	chr10	121887147	121887223	CTCF_ENCSR000DKV	1.0	26.0	26	CTCF	9221.0	768.667	9221.0	76	138	0
chr10_121887147_121887223	4.585	3.584	chr10	121887147	121887223	CTCF_ENCSR000DRZ	1.0	24.0	24	CTCF	9221.0	768.667	9221.0	76	99	0
chr10_124992642_124992770	1.415	-0.042	chr10	124992642	124992770	CTCF_ENCSR000DKV	6.0	16.0	16	CTCF	8762.025	9022.0	9022.0	128	141	0
chr10_133247114_133247196	-1.152	-1.095	chr10	133247114	133247196	CTCF_ENCSR000DRZ	20.0	9.0	20	CTCF	2256.532	4819.5	4819.5	82	107	1
chr10_14560425_14560491	-1.503	-1.007	chr10	14560425	14560491	CTCF_ENCSR000DKV	17.0	6.0	17	CTCF	1937.504	3893.0	3893.0	66	149	1
chr10_29449156_29449250	-4.322	-0.003	chr10	29449156	29449250	CTCF_ENCSR000AKB	20.0	1.0	20	CTCF	13838.002	13870.0	13870.0	94	64	0
chr10_29449156_29449250	-5.492	-0.003	chr10	29449156	29449250	CTCF_ENCSR000DKV	45.0	1.0	45	CTCF	13838.002	13870.0	13870.0	94	155	0
chr10_29449156_29449250	-4.524	-0.003	chr10	29449156	29449250	CTCF_ENCSR000DRZ	23.0	1.0	23	CTCF	13838.002	13870.0	13870.0	94	113	0
chr10_30591321_30591421	1.28	0.0	chr10	30591321	30591421	CTCF_ENCSR000DKV	7.0	17.0	17	CTCF	9088.0	9085.003	9088.0	100	156	0
chr10_30751999_30752083	-2.536	-0.932	chr10	30751999	30752083	CTCF_ENCSR000AKB	29.0	5.0	29	CTCF	7131.473	13610.0	13610.0	84	67	0
chr10_30751999_30752083	-1.459	-0.932	chr10	30751999	30752083	CTCF_ENCSR000DKV	33.0	12.0	33	CTCF	7131.473	13610.0	13610.0	84	159	1
chr10_30751999_30752083	-3.7	-0.932	chr10	30751999	30752083	CTCF_ENCSR000DRZ	39.0	3.0	39	CTCF	7131.473	13610.0	13610.0	84	116	0
chr10_31808725_31808907	1.322	-0.026	chr10	31808725	31808907	CTCF_ENCSR000DKV	8.0	20.0	20	CTCF	5361.02	5457.0	5457.0	182	160	0
chr10_32005125_32005199	-1.064	-0.101	chr10	32005125	32005199	CTCF_ENCSR000AKB	23.0	11.0	23	CTCF	5915.072	6346.0	6346.0	74	68	1
chr10_42866813_42866901	-2.939	-0.064	chr10	42866813	42866901	CTCF_ENCSR000DKV	23.0	3.0	23	CTCF	9846.042	10292.0	10292.0	88	164	0
chr10_42866813_42866901	-2.248	-0.064	chr10	42866813	42866901	CTCF_ENCSR000DRZ	19.0	4.0	19	CTCF	9846.042	10292.0	10292.0	88	120	0
chr10_50660262_50660378	5.17	-0.01	chr10	50660262	50660378	CTCF_ENCSR000DKV	1.0	36.0	36	CTCF	5635.001	5673.0	5673.0	116	169	0
chr10_50660262_50660378	4.858	-0.01	chr10	50660262	50660378	CTCF_ENCSR000DRZ	1.0	29.0	29	CTCF	5635.001	5673.0	5673.0	116	124	0
chr10_55740909_55741015	2.737	-0.055	chr10	55740909	55741015	CTCF_ENCSR000DKV	3.0	20.0	20	CTCF	5113.033	5313.0	5313.0	106	170	0
chr10_57657282_57657364	1.459	-0.036	chr10	57657282	57657364	CTCF_ENCSR000AKB	12.0	33.0	33	CTCF	10083.016	10341.0	10341.0	82	70	0
chr10_69800237_69800299	-1.28	-0.133	chr10	69800237	69800299	CTCF_ENCSR000DKV	17.0	7.0	17	CTCF	5265.09	5775.0	5775.0	62	176	0
chr10_71812097_71812169	-2.248	-0.222	chr10	71812097	71812169	CTCF_ENCSR000DKV	38.0	8.0	38	CTCF	11481.137	13389.0	13389.0	72	177	0
chr10_71812097_71812169	-3.459	-0.222	chr10	71812097	71812169	CTCF_ENCSR000DRZ	33.0	3.0	33	CTCF	11481.137	13389.0	13389.0	72	129	0
chr10_77428951_77428969	1.415	0.498	chr10	77428951	77428969	CTCF_ENCSR000DKV	6.0	16.0	16	CTCF	4668.0	3305.294	4668.0	18	181	1
chr10_78303085_78303697	-1.737	0.093	chr10	78303085	78303697	CTCF_ENCSR000DKV	20.0	6.0	20	CTCF	2283.0	2140.062	2283.0	612	182	0
chr10_78303085_78303697	-2.202	0.093	chr10	78303085	78303697	CTCF_ENCSR000DRZ	23.0	5.0	23	CTCF	2283.0	2140.062	2283.0	612	132	0
chr10_79779445_79779653	-4.954	-0.016	chr10	79779445	79779653	CTCF_ENCSR000DKV	31.0	1.0	31	CTCF	6333.512	6403.25	6403.25	208	186	0
chr10_79779445_79779653	-4.087	-0.016	chr10	79779445	79779653	CTCF_ENCSR000DRZ	17.0	1.0	17	CTCF	6333.512	6403.25	6403.25	208	135	0
chr10_80029385_80029465	-2.585	-1.476	chr10	80029385	80029465	CTCF_ENCSR000AKB	18.0	3.0	18	CTCF	1719.639	4785.0	4785.0	80	76	0
chr10_80029385_80029465	-1.585	-1.476	chr10	80029385	80029465	CTCF_ENCSR000DKV	21.0	7.0	21	CTCF	1719.639	4785.0	4785.0	80	187	1
chr10_86139213_86139281	1.678	3.074	chr10	86139213	86139281	CTCF_ENCSR000AKB	5.0	16.0	16	CTCF	6855.0	813.882	6855.0	68	77	0
chr10_86139213_86139281	3.17	3.074	chr10	86139213	86139281	CTCF_ENCSR000DKV	3.0	27.0	27	CTCF	6855.0	813.882	6855.0	68	189	1
chr10_86139213_86139281	2.848	3.074	chr10	86139213	86139281	CTCF_ENCSR000DRZ	5.0	36.0	36	CTCF	6855.0	813.882	6855.0	68	137	1
chr11_10208186_10208356	-1.087	0.019	chr11	10208186	10208356	CTCF_ENCSR000AKB	17.0	8.0	17	CTCF	7344.0	7246.008	7344.0	170	81	0
chr11_108648404_108648542	1.254	0.102	chr11	108648404	108648542	CTCF_ENCSR000AKB	13.0	31.0	31	CTCF	10427.0	9715.063	10427.0	138	83	0
chr11_115170386_115170484	1.059	-0.058	chr11	115170386	115170484	CTCF_ENCSR000AKB	12.0	25.0	25	CTCF	7400.037	7706.0	7706.0	98	84	0
chr11_116217183_116217247	-4.459	-4.854	chr11	116217183	116217247	CTCF_ENCSR000DKV	22.0	1.0	22	CTCF	351.466	10166.0	10166.0	64	207	1
chr11_116217183_116217247	-4.459	-4.854	chr11	116217183	116217247	CTCF_ENCSR000DRZ	22.0	1.0	22	CTCF	351.466	10166.0	10166.0	64	148	1
chr11_118053515_118053633	1.379	0.026	chr11	118053515	118053633	CTCF_ENCSR000AKB	10.0	26.0	26	CTCF	11579.5	11374.016	11579.5	118	85	0
chr11_118053515_118053633	1.322	0.026	chr11	118053515	118053633	CTCF_ENCSR000DRZ	10.0	25.0	25	CTCF	11579.5	11374.016	11579.5	118	149	0
chr11_18171504_18171656	1.379	0.802	chr11	18171504	18171656	CTCF_ENCSR000DKV	10.0	26.0	26	CTCF	7707.0	4420.426	7707.0	152	223	1
chr11_18171504_18171656	1.83	0.802	chr11	18171504	18171656	CTCF_ENCSR000DRZ	9.0	32.0	32	CTCF	7707.0	4420.426	7707.0	152	158	0
chr11_1837912_1837954	-1.222	-0.063	chr11	1837912	1837954	CTCF_ENCSR000DRZ	21.0	9.0	21	CTCF	15046.037	15722.0	15722.0	42	159	0
chr11_2166233_2166303	1.433	-0.047	chr11	2166233	2166303	CTCF_ENCSR000DKV	10.0	27.0	27	CTCF	8248.032	8524.0	8524.0	70	227	0
chr11_29159728_29159782	-1.29	-0.064	chr11	29159728	29159782	CTCF_ENCSR000DKV	22.0	9.0	22	CTCF	7158.548	7482.0	7482.0	54	233	0
chr11_33988144_33988200	-1.054	-0.186	chr11	33988144	33988200	CTCF_ENCSR000DRZ	27.0	13.0	27	CTCF	10792.132	12276.0	12276.0	56	165	1
chr11_35392315_35392471	1.152	-0.037	chr11	35392315	35392471	CTCF_ENCSR000AKB	9.0	20.0	20	CTCF	11022.026	11310.0	11310.0	156	92	0
chr11_35404640_35404740	1.17	-0.074	chr11	35404640	35404740	CTCF_ENCSR000DRZ	8.0	18.0	18	CTCF	6444.051	6784.0	6784.0	100	168	0
chr11_4187523_4187897	-1.322	0.039	chr11	4187523	4187897	CTCF_ENCSR000DKV	25.0	10.0	25	CTCF	7352.0	7156.024	7352.0	374	242	0
chr11_44538628_44538694	1.862	0.003	chr11	44538628	44538694	CTCF_ENCSR000DKV	11.0	40.0	40	CTCF	12578.0	12547.995	12578.0	66	245	0
chr11_44538628_44538694	1.637	0.003	chr11	44538628	44538694	CTCF_ENCSR000DRZ	9.0	28.0	28	CTCF	12578.0	12547.995	12578.0	66	172	0
chr11_45655171_45655579	1.959	0.022	chr11	45655171	45655579	CTCF_ENCSR000DRZ	9.0	35.0	35	CTCF	2760.0	2719.014	2760.0	408	174	0
chr11_57480480_57480542	1.585	0.02	chr11	57480480	57480542	CTCF_ENCSR000DKV	8.0	24.0	24	CTCF	12478.0	12302.011	12478.0	62	249	0
chr11_62325059_62325129	2.585	0.437	chr11	62325059	62325129	CTCF_ENCSR000DKV	6.0	36.0	36	CTCF	12450.0	9196.264	12450.0	70	250	0
chr11_62325059_62325129	2.202	0.437	chr11	62325059	62325129	CTCF_ENCSR000DRZ	5.0	23.0	23	CTCF	12450.0	9196.264	12450.0	70	176	0
chr11_65552136_65552262	1.152	0.377	chr11	65552136	65552262	CTCF_ENCSR000DRZ	9.0	20.0	20	CTCF	7716.0	5942.224	7716.0	126	179	1
chr11_67659346_67659752	-2.0	0.022	chr11	67659346	67659752	CTCF_ENCSR000AKB	16.0	4.0	16	CTCF	2947.0	2902.015	2947.0	406	97	0
chr11_77548380_77548490	-1.087	-0.009	chr11	77548380	77548490	CTCF_ENCSR000AKB	17.0	8.0	17	CTCF	6379.004	6417.0	6417.0	110	99	0
chr11_95849211_95849353	-1.363	-0.009	chr11	95849211	95849353	CTCF_ENCSR000DKV	18.0	7.0	18	CTCF	5514.006	5547.0	5547.0	142	262	0
chr12_102702676_102702736	-1.363	-1.715	chr12	102702676	102702736	CTCF_ENCSR000AKB	18.0	7.0	18	CTCF	2451.197	8049.0	8049.0	60	101	1
chr12_102702676_102702736	-3.17	-1.715	chr12	102702676	102702736	CTCF_ENCSR000DKV	27.0	3.0	27	CTCF	2451.197	8049.0	8049.0	60	263	0
chr12_102702676_102702736	-2.459	-1.715	chr12	102702676	102702736	CTCF_ENCSR000DRZ	22.0	4.0	22	CTCF	2451.197	8049.0	8049.0	60	185	1
chr12_104641994_104642194	-1.193	-0.128	chr12	104641994	104642194	CTCF_ENCSR000DKV	16.0	7.0	16	CTCF	1874.086	2048.5	2048.5	200	264	0
chr12_106386362_106386464	1.222	-0.053	chr12	106386362	106386464	CTCF_ENCSR000DKV	9.0	21.0	21	CTCF	6061.036	6288.0	6288.0	102	266	0
chr12_107405201_107405210	3.644	0.008	chr12	107405201	107405210	CTCF_ENCSR000AKB	2.0	25.0	25	CTCF	7321.0	7281.005	7321.0	9	102	0
chr12_107405201_107405210	1.339	0.008	chr12	107405201	107405210	CTCF_ENCSR000DKV	17.0	43.0	43	CTCF	7321.0	7281.005	7321.0	9	267	0
chr12_107761114_107761338	-1.054	0.069	chr12	107761114	107761338	CTCF_ENCSR000AKB	27.0	13.0	27	CTCF	3471.0	3310.045	3471.0	224	103	0
chr12_108570896_108571064	-1.28	-0.037	chr12	108570896	108571064	CTCF_ENCSR000AKB	17.0	7.0	17	CTCF	4140.027	4248.0	4248.0	168	104	0
chr12_1093226_1093794	-1.263	-0.026	chr12	1093226	1093794	CTCF_ENCSR000DRZ	24.0	10.0	24	CTCF	5612.021	5716.0	5716.0	568	187	0
chr12_110431379_110431821	1.193	-0.0	chr12	110431379	110431821	CTCF_ENCSR000AKB	7.0	16.0	16	CTCF	10750.003	10752.0	10752.0	442	107	0
chr12_121209970_121210208	1.503	0.036	chr12	121209970	121210208	CTCF_ENCSR000DKV	6.0	17.0	17	CTCF	5370.0	5239.026	5370.0	238	275	0
chr12_121209970_121210208	1.652	0.036	chr12	121209970	121210208	CTCF_ENCSR000DRZ	7.0	22.0	22	CTCF	5370.0	5239.026	5370.0	238	191	0
chr12_121223451_121223991	-2.392	-0.05	chr12	121223451	121223991	CTCF_ENCSR000DKV	21.0	4.0	21	CTCF	378.284	391.5	391.5	540	276	0
chr12_121223451_121223991	-2.755	-0.05	chr12	121223451	121223991	CTCF_ENCSR000DRZ	27.0	4.0	27	CTCF	378.284	391.5	391.5	540	192	0
chr12_121230398_121230468	-1.495	-0.092	chr12	121230398	121230468	CTCF_ENCSR000DRZ	31.0	11.0	31	CTCF	10131.073	10798.0	10798.0	70	193	0
chr12_121918497_121918543	-2.369	-0.091	chr12	121918497	121918543	CTCF_ENCSR000AKB	31.0	6.0	31	CTCF	5348.066	5696.0	5696.0	46	110	0
chr12_121918497_121918543	-2.449	-0.091	chr12	121918497	121918543	CTCF_ENCSR000DKV	71.0	13.0	71	CTCF	5348.066	5696.0	5696.0	46	278	0
chr12_121918497_121918543	-2.399	-0.091	chr12	121918497	121918543	CTCF_ENCSR000DRZ	58.0	11.0	58	CTCF	5348.066	5696.0	5696.0	46	194	0
chr12_124898564_124898668	1.888	0.894	chr12	124898564	124898668	CTCF_ENCSR000DKV	10.0	37.0	37	CTCF	12983.0	6986.463	12983.0	104	281	1
chr12_124898564_124898668	1.926	0.894	chr12	124898564	124898668	CTCF_ENCSR000DRZ	5.0	19.0	19	CTCF	12983.0	6986.463	12983.0	104	197	0
chr12_125533573_125533677	4.755	0.035	chr12	125533573	125533677	CTCF_ENCSR000DKV	1.0	27.0	27	CTCF	9462.0	9234.029	9462.0	104	282	0
chr12_131454839_131454947	-2.392	-0.458	chr12	131454839	131454947	CTCF_ENCSR000AKB	21.0	4.0	21	CTCF	6026.269	8279.5	8279.5	108	115	0
chr12_131454839_131454947	-2.611	-0.458	chr12	131454839	131454947	CTCF_ENCSR000DKV	55.0	9.0	55	CTCF	6026.269	8279.5	8279.5	108	285	0
chr12_131454839_131454947	-2.7	-0.458	chr12	131454839	131454947	CTCF_ENCSR000DRZ	39.0	6.0	39	CTCF	6026.269	8279.5	8279.5	108	200	0
chr12_131949706_131949914	2.0	1.241	chr12	131949706	131949914	CTCF_ENCSR000DKV	6.0	24.0	24	CTCF	5806.0	2456.077	5806.0	208	286	1
chr12_15979252_15979388	1.17	-0.025	chr12	15979252	15979388	CTCF_ENCSR000DRZ	8.0	18.0	18	CTCF	4300.017	4376.0	4376.0	136	201	0
chr12_31117185_31117363	-4.087	-0.075	chr12	31117185	31117363	CTCF_ENCSR000DKV	17.0	1.0	17	CTCF	7350.054	7744.0	7744.0	178	293	0
chr12_31117185_31117363	-4.807	-0.075	chr12	31117185	31117363	CTCF_ENCSR000DRZ	28.0	1.0	28	CTCF	7350.054	7744.0	7744.0	178	204	0
chr12_3299871_3300923	-1.585	0.078	chr12	3299871	3300923	CTCF_ENCSR000AKB	18.0	6.0	18	CTCF	3648.0	3456.052	3648.0	1052	117	0
chr12_4604814_4604884	-1.17	-0.01	chr12	4604814	4604884	CTCF_ENCSR000AKB	27.0	12.0	27	CTCF	13458.007	13554.0	13554.0	70	119	0
chr12_50132686_50132754	4.0	4.569	chr12	50132686	50132754	CTCF_ENCSR000DKV	1.0	16.0	16	CTCF	5701.5	240.208	5701.5	68	299	1
chr12_52164054_52164136	1.383	-0.114	chr12	52164054	52164136	CTCF_ENCSR000DKV	23.0	60.0	60	CTCF	11706.079	12670.0	12670.0	82	301	0
chr12_52164054_52164136	1.35	-0.114	chr12	52164054	52164136	CTCF_ENCSR000DRZ	20.0	51.0	51	CTCF	11706.079	12670.0	12670.0	82	210	0
chr12_57462540_57463000	-1.263	0.004	chr12	57462540	57463000	CTCF_ENCSR000AKB	36.0	15.0	36	CTCF	3107.0	3097.503	3107.0	460	123	0
chr12_57476339_57476533	-1.379	-0.102	chr12	57476339	57476533	CTCF_ENCSR000DRZ	26.0	10.0	26	CTCF	4418.07	4742.0	4742.0	194	215	0
chr12_6285124_6285228	1.28	-0.017	chr12	6285124	6285228	CTCF_ENCSR000AKB	7.0	17.0	17	CTCF	10950.011	11079.0	11079.0	104	126	0
chr12_69357625_69357715	1.737	-0.084	chr12	69357625	69357715	CTCF_ENCSR000DKV	9.0	30.0	30	CTCF	9637.051	10213.0	10213.0	90	317	0
chr12_69357625_69357715	2.807	-0.084	chr12	69357625	69357715	CTCF_ENCSR000DRZ	4.0	28.0	28	CTCF	9637.051	10213.0	10213.0	90	218	0
chr12_69738629_69738837	-1.363	-0.034	chr12	69738629	69738837	CTCF_ENCSR000DKV	18.0	7.0	18	CTCF	6734.022	6896.0	6896.0	208	319	0
chr12_76621681_76621729	1.322	-0.04	chr12	76621681	76621729	CTCF_ENCSR000DRZ	8.0	20.0	20	CTCF	10370.025	10658.0	10658.0	48	221	0
chr12_7806992_7807076	1.087	-0.007	chr12	7806992	7807076	CTCF_ENCSR000AKB	8.0	17.0	17	CTCF	10906.994	10960.0	10960.0	84	129	0
chr12_949648_950054	1.147	-0.001	chr12	949648	950054	CTCF_ENCSR000DRZ	14.0	31.0	31	CTCF	1750.0	1751.0	1751.0	406	226	0
chr12_99387119_99387145	-1.893	-1.47	chr12	99387119	99387145	CTCF_ENCSR000DKV	26.0	7.0	26	CTCF	2225.14	6164.0	6164.0	26	335	1
chr12_99387119_99387145	-4.322	-1.47	chr12	99387119	99387145	CTCF_ENCSR000DRZ	20.0	1.0	20	CTCF	2225.14	6164.0	6164.0	26	229	0
chr13_113393996_113394284	-1.3	-0.048	chr13	113393996	113394284	CTCF_ENCSR000DRZ	32.0	13.0	32	CTCF	5822.032	6017.0	6017.0	288	233	0
chr13_20489336_20489406	-4.087	-3.313	chr13	20489336	20489406	CTCF_ENCSR000AKB	17.0	1.0	17	CTCF	1006.9	10008.0	10008.0	70	135	1
chr13_20489336_20489406	-2.874	-3.313	chr13	20489336	20489406	CTCF_ENCSR000DKV	44.0	6.0	44	CTCF	1006.9	10008.0	10008.0	70	340	1
chr13_20489336_20489406	-4.17	-3.313	chr13	20489336	20489406	CTCF_ENCSR000DRZ	18.0	1.0	18	CTCF	1006.9	10008.0	10008.0	70	234	1
chr13_26186149_26186873	1.152	0.064	chr13	26186149	26186873	CTCF_ENCSR000DKV	9.0	20.0	20	CTCF	1059.0	1013.043	1059.0	724	345	0
chr13_26186149_26186873	1.907	0.064	chr13	26186149	26186873	CTCF_ENCSR000DRZ	8.0	30.0	30	CTCF	1059.0	1013.043	1059.0	724	236	0
chr13_42478681_42478769	-1.663	-0.503	chr13	42478681	42478769	CTCF_ENCSR000DRZ	19.0	6.0	19	CTCF	4412.794	6251.5	6251.5	88	241	0
chr13_77565777_77565937	-1.503	-0.029	chr13	77565777	77565937	CTCF_ENCSR000DRZ	17.0	6.0	17	CTCF	6929.022	7070.0	7070.0	160	247	0
chr13_91348918_91349284	-1.547	-0.0	chr13	91348918	91349284	CTCF_ENCSR000DKV	38.0	13.0	38	CTCF	7008.999	7010.0	7010.0	366	358	0
chr13_99196551_99196760	-3.087	-0.02	chr13	99196551	99196760	CTCF_ENCSR000DKV	17.0	2.0	17	CTCF	3139.013	3183.5	3183.5	209	361	0
chr14_106564201_106564275	2.485	-0.007	chr14	106564201	106564275	CTCF_ENCSR000AKB	5.0	28.0	28	CTCF	6938.756	6972.5	6972.5	74	142	0
chr14_106564201_106564275	2.059	-0.007	chr14	106564201	106564275	CTCF_ENCSR000DKV	12.0	50.0	50	CTCF	6938.756	6972.5	6972.5	74	366	0
chr14_106564201_106564275	2.632	-0.007	chr14	106564201	106564275	CTCF_ENCSR000DRZ	5.0	31.0	31	CTCF	6938.756	6972.5	6972.5	74	254	0
chr14_106592408_106592622	-2.415	0.012	chr14	106592408	106592622	CTCF_ENCSR000AKB	16.0	3.0	16	CTCF	2905.25	2881.758	2905.25	214	143	0
chr14_106694861_106695070	2.907	-0.016	chr14	106694861	106695070	CTCF_ENCSR000AKB	4.0	30.0	30	CTCF	4948.013	5004.0	5004.0	209	144	0
chr14_106694861_106695070	1.372	-0.016	chr14	106694861	106695070	CTCF_ENCSR000DKV	17.0	44.0	44	CTCF	4948.013	5004.0	5004.0	209	367	0
chr14_106694861_106695070	4.248	-0.016	chr14	106694861	106695070	CTCF_ENCSR000DRZ	2.0	38.0	38	CTCF	4948.013	5004.0	5004.0	209	255	0
chr14_106774709_106775315	4.322	0.069	chr14	106774709	106775315	CTCF_ENCSR000DKV	1.0	20.0	20	CTCF	230.25	219.547	230.25	606	368	0
chr14_106774709_106775315	3.059	0.069	chr14	106774709	106775315	CTCF_ENCSR000DRZ	3.0	25.0	25	CTCF	230.25	219.547	230.25	606	256	0
chr14_106872546_106872940	-1.515	0.087	chr14	106872546	106872940	CTCF_ENCSR000AKB	20.0	7.0	20	CTCF	3663.25	3448.06	3663.25	394	145	0
chr14_20613430_20613668	-1.848	-0.118	chr14	20613430	20613668	CTCF_ENCSR000DKV	36.0	10.0	36	CTCF	3865.078	4195.5	4195.5	238	370	0
chr14_20970954_20971866	-2.0	0.005	chr14	20970954	20971866	CTCF_ENCSR000DKV	32.0	8.0	32	CTCF	10320.0	10284.002	10320.0	912	371	0
chr14_20970954_20971866	-1.585	0.005	chr14	20970954	20971866	CTCF_ENCSR000DRZ	27.0	9.0	27	CTCF	10320.0	10284.002	10320.0	912	258	0
chr14_22556999_22557483	-1.422	0.017	chr14	22556999	22557483	CTCF_ENCSR000DRZ	67.0	25.0	67	CTCF	14372.0	14202.015	14372.0	484	260	0
chr14_24058435_24058495	1.503	1.997	chr14	24058435	24058495	CTCF_ENCSR000AKB	6.0	17.0	17	CTCF	11838.0	2965.749	11838.0	60	150	1
chr14_24058435_24058495	1.348	1.997	chr14	24058435	24058495	CTCF_ENCSR000DKV	11.0	28.0	28	CTCF	11838.0	2965.749	11838.0	60	379	1
chr14_24058435_24058495	1.716	1.997	chr14	24058435	24058495	CTCF_ENCSR000DRZ	7.0	23.0	23	CTCF	11838.0	2965.749	11838.0	60	262	1
chr14_53217454_53217848	1.893	0.003	chr14	53217454	53217848	CTCF_ENCSR000DRZ	7.0	26.0	26	CTCF	2376.0	2370.503	2376.0	394	266	0
chr14_64983853_64983921	2.17	-0.306	chr14	64983853	64983921	CTCF_ENCSR000AKB	4.0	18.0	18	CTCF	6828.194	8442.0	8442.0	68	156	0
chr14_71166623_71166723	4.0	3.066	chr14	71166623	71166723	CTCF_ENCSR000DKV	1.0	16.0	16	CTCF	5951.0	710.381	5951.0	100	400	1
chr14_71166623_71166723	4.087	3.066	chr14	71166623	71166723	CTCF_ENCSR000DRZ	1.0	17.0	17	CTCF	5951.0	710.381	5951.0	100	280	0
chr14_74257552_74257710	-1.503	-0.02	chr14	74257552	74257710	CTCF_ENCSR000DKV	34.0	12.0	34	CTCF	9010.017	9138.0	9138.0	158	402	0
chr14_75303657_75303731	1.244	0.087	chr14	75303657	75303731	CTCF_ENCSR000DKV	19.0	45.0	45	CTCF	10127.0	9532.563	10127.0	74	403	0
chr14_80636265_80636321	3.248	2.934	chr14	80636265	80636321	CTCF_ENCSR000DKV	2.0	19.0	19	CTCF	2409.0	315.119	2409.0	56	405	1
chr14_91418947_91418997	-1.657	-0.011	chr14	91418947	91418997	CTCF_ENCSR000DRZ	41.0	13.0	41	CTCF	14824.015	14936.0	14936.0	50	284	0
chr14_92686971_92687129	-2.0	-0.703	chr14	92686971	92687129	CTCF_ENCSR000AKB	16.0	4.0	16	CTCF	7814.386	12720.0	12720.0	158	160	0
chr14_92686971_92687129	-2.722	-0.703	chr14	92686971	92687129	CTCF_ENCSR000DKV	33.0	5.0	33	CTCF	7814.386	12720.0	12720.0	158	408	0
chr14_92686971_92687129	-2.544	-0.703	chr14	92686971	92687129	CTCF_ENCSR000DRZ	35.0	6.0	35	CTCF	7814.386	12720.0	12720.0	158	285	0
chr14_94689659_94689701	1.374	0.013	chr14	94689659	94689701	CTCF_ENCSR000DRZ	27.0	70.0	70	CTCF	12268.0	12154.001	12268.0	42	286	0
chr15_100918108_100918232	1.202	-0.024	chr15	100918108	100918232	CTCF_ENCSR000AKB	10.0	23.0	23	CTCF	11526.009	11718.0	11718.0	124	164	0
chr15_101502042_101502080	1.28	0.306	chr15	101502042	101502080	CTCF_ENCSR000DKV	7.0	17.0	17	CTCF	6415.0	5190.193	6415.0	38	414	1
chr15_101502042_101502080	2.524	0.306	chr15	101502042	101502080	CTCF_ENCSR000DRZ	4.0	23.0	23	CTCF	6415.0	5190.193	6415.0	38	290	0
chr15_34969749_34969931	1.078	0.851	chr15	34969749	34969931	CTCF_ENCSR000AKB	9.0	19.0	19	CTCF	11250.0	6237.441	11250.0	182	166	1
chr15_38707997_38708071	1.459	-0.034	chr15	38707997	38708071	CTCF_ENCSR000AKB	8.0	22.0	22	CTCF	9173.02	9392.0	9392.0	74	167	0
chr15_59691364_59691472	1.485	0.106	chr15	59691364	59691472	CTCF_ENCSR000DKV	10.0	28.0	28	CTCF	6804.0	6321.073	6804.0	108	427	0
chr15_77910591_77911021	-1.322	-0.02	chr15	77910591	77911021	CTCF_ENCSR000AKB	40.0	16.0	40	CTCF	13696.008	13888.0	13888.0	430	177	0
chr15_77910591_77911021	-1.619	-0.02	chr15	77910591	77911021	CTCF_ENCSR000DKV	43.0	14.0	43	CTCF	13696.008	13888.0	13888.0	430	440	0
chr15_77910591_77911021	-1.7	-0.02	chr15	77910591	77911021	CTCF_ENCSR000DRZ	39.0	12.0	39	CTCF	13696.008	13888.0	13888.0	430	309	0
chr15_84035521_84035605	-1.087	-0.027	chr15	84035521	84035605	CTCF_ENCSR000AKB	17.0	8.0	17	CTCF	5885.018	5997.0	5997.0	84	178	0
chr15_84142973_84143039	1.503	0.035	chr15	84142973	84143039	CTCF_ENCSR000DRZ	6.0	17.0	17	CTCF	7917.0	7726.018	7917.0	66	311	0
chr15_84570769_84571291	2.441	-0.005	chr15	84570769	84571291	CTCF_ENCSR000DKV	7.0	38.0	38	CTCF	4600.003	4615.0	4615.0	522	446	0
chr15_84570769_84571291	1.17	-0.005	chr15	84570769	84571291	CTCF_ENCSR000DRZ	8.0	18.0	18	CTCF	4600.003	4615.0	4615.0	522	312	0
chr15_89875117_89875197	1.184	-0.019	chr15	89875117	89875197	CTCF_ENCSR000AKB	11.0	25.0	25	CTCF	12125.518	12287.5	12287.5	80	183	0
chr15_90482523_90482601	-3.129	-0.807	chr15	90482523	90482601	CTCF_ENCSR000DKV	35.0	4.0	35	CTCF	4427.431	7747.0	7747.0	78	453	0
chr15_90482523_90482601	-1.939	-0.807	chr15	90482523	90482601	CTCF_ENCSR000DRZ	23.0	6.0	23	CTCF	4427.431	7747.0	7747.0	78	318	0
chr16_10256830_10257260	-1.206	0.023	chr16	10256830	10257260	CTCF_ENCSR000DRZ	30.0	13.0	30	CTCF	10100.0	9940.017	10100.0	430	319	0
chr16_12067981_12068109	-1.585	0.037	chr16	12067981	12068109	CTCF_ENCSR000AKB	36.0	12.0	36	CTCF	10639.0	10373.026	10639.0	128	184	0
chr16_12067981_12068109	-1.424	0.037	chr16	12067981	12068109	CTCF_ENCSR000DRZ	51.0	19.0	51	CTCF	10639.0	10373.026	10639.0	128	321	0
chr16_12573936_12574042	-1.433	-0.021	chr16	12573936	12574042	CTCF_ENCSR000DRZ	27.0	10.0	27	CTCF	10508.012	10660.0	10660.0	106	322	0
chr16_15550965_15551153	-1.17	0.14	chr16	15550965	15551153	CTCF_ENCSR000DKV	18.0	8.0	18	CTCF	5845.0	5306.089	5845.0	188	459	0
chr16_1773004_1773732	-1.415	0.009	chr16	1773004	1773732	CTCF_ENCSR000DRZ	24.0	9.0	24	CTCF	1143.0	1136.006	1143.0	728	328	0
chr16_19502773_19502889	1.766	-0.088	chr16	19502773	19502889	CTCF_ENCSR000DRZ	5.0	17.0	17	CTCF	7966.068	8467.0	8467.0	116	330	0
chr16_19601501_19601559	-2.503	-0.006	chr16	19601501	19601559	CTCF_ENCSR000DRZ	17.0	3.0	17	CTCF	6482.003	6510.0	6510.0	58	331	0
chr16_1983978_1984194	-1.07	0.008	chr16	1983978	1984194	CTCF_ENCSR000DKV	42.0	20.0	42	CTCF	4858.0	4832.007	4858.0	216	467	0
chr16_1983978_1984194	-1.495	0.008	chr16	1983978	1984194	CTCF_ENCSR000DRZ	31.0	11.0	31	CTCF	4858.0	4832.007	4858.0	216	332	0
chr16_29228114_29228486	-4.087	-0.035	chr16	29228114	29228486	CTCF_ENCSR000DKV	17.0	1.0	17	CTCF	7232.017	7408.0	7408.0	372	473	0
chr16_31159818_31159896	-3.322	-4.526	chr16	31159818	31159896	CTCF_ENCSR000DKV	30.0	3.0	30	CTCF	435.206	10029.0	10029.0	78	475	0
chr16_31159818_31159896	-3.459	-4.526	chr16	31159818	31159896	CTCF_ENCSR000DRZ	22.0	2.0	22	CTCF	435.206	10029.0	10029.0	78	338	0
chr16_51762204_51762340	-1.415	-0.0	chr16	51762204	51762340	CTCF_ENCSR000AKB	16.0	6.0	16	CTCF	11541.009	11543.0	11543.0	136	195	0
chr16_51762204_51762340	-1.093	-0.0	chr16	51762204	51762340	CTCF_ENCSR000DKV	32.0	15.0	32	CTCF	11541.009	11543.0	11543.0	136	479	0
chr16_51762204_51762340	-1.087	-0.0	chr16	51762204	51762340	CTCF_ENCSR000DRZ	34.0	16.0	34	CTCF	11541.009	11543.0	11543.0	136	340	0
chr16_65789_65895	-1.138	-0.021	chr16	65789	65895	CTCF_ENCSR000AKB	22.0	10.0	22	CTCF	13710.011	13908.0	13908.0	106	197	0
chr16_66751523_66752023	-1.415	0.042	chr16	66751523	66752023	CTCF_ENCSR000AKB	16.0	6.0	16	CTCF	1067.5	1036.529	1067.5	500	198	0
chr16_81205204_81205310	-1.549	-0.304	chr16	81205204	81205310	CTCF_ENCSR000AKB	79.0	27.0	79	CTCF	7900.188	9752.0	9752.0	106	204	0
chr16_84175411_84175471	5.322	3.208	chr16	84175411	84175471	CTCF_ENCSR000AKB	1.0	40.0	40	CTCF	8328.0	901.392	8328.0	60	206	0
chr16_84175411_84175471	5.883	3.208	chr16	84175411	84175471	CTCF_ENCSR000DKV	1.0	59.0	59	CTCF	8328.0	901.392	8328.0	60	498	0
chr16_84175411_84175471	4.524	3.208	chr16	84175411	84175471	CTCF_ENCSR000DRZ	2.0	46.0	46	CTCF	8328.0	901.392	8328.0	60	353	0
chr16_84970651_84970781	1.447	-0.027	chr16	84970651	84970781	CTCF_ENCSR000AKB	11.0	30.0	30	CTCF	13231.023	13483.0	13483.0	130	208	0
chr16_84970651_84970781	1.603	-0.027	chr16	84970651	84970781	CTCF_ENCSR000DKV	26.0	79.0	79	CTCF	13231.023	13483.0	13483.0	130	501	0
chr16_84970651_84970781	1.3	-0.027	chr16	84970651	84970781	CTCF_ENCSR000DRZ	13.0	32.0	32	CTCF	13231.023	13483.0	13483.0	130	356	0
chr16_85086863_85086905	1.107	0.624	chr16	85086863	85086905	CTCF_ENCSR000AKB	13.0	28.0	28	CTCF	11728.0	7609.354	11728.0	42	209	1
chr16_85086863_85086905	1.695	0.624	chr16	85086863	85086905	CTCF_ENCSR000DKV	21.0	68.0	68	CTCF	11728.0	7609.354	11728.0	42	502	0
chr16_85086863_85086905	1.515	0.624	chr16	85086863	85086905	CTCF_ENCSR000DRZ	14.0	40.0	40	CTCF	11728.0	7609.354	11728.0	42	357	1
chr16_85416483_85416613	-1.585	-0.15	chr16	85416483	85416613	CTCF_ENCSR000DRZ	18.0	6.0	18	CTCF	10024.095	11123.0	11123.0	130	359	0
chr16_86044353_86044417	-1.193	0.071	chr16	86044353	86044417	CTCF_ENCSR000AKB	16.0	7.0	16	CTCF	6460.0	6150.045	6460.0	64	210	0
chr16_88562002_88562152	1.322	0.04	chr16	88562002	88562152	CTCF_ENCSR000AKB	8.0	20.0	20	CTCF	7732.0	7520.026	7732.0	150	213	0
chr16_88562002_88562152	1.248	0.04	chr16	88562002	88562152	CTCF_ENCSR000DKV	24.0	57.0	57	CTCF	7732.0	7520.026	7732.0	150	507	0
chr16_88562002_88562152	1.657	0.04	chr16	88562002	88562152	CTCF_ENCSR000DRZ	13.0	41.0	41	CTCF	7732.0	7520.026	7732.0	150	363	0
chr16_9050583_9050679	-1.152	0.028	chr16	9050583	9050679	CTCF_ENCSR000DKV	20.0	9.0	20	CTCF	7238.0	7100.015	7238.0	96	510	0
chr16_9160284_9160350	-1.379	-0.731	chr16	9160284	9160350	CTCF_ENCSR000AKB	26.0	10.0	26	CTCF	7674.398	12738.0	12738.0	66	216	1
chr16_9160284_9160350	-2.285	-0.731	chr16	9160284	9160350	CTCF_ENCSR000DRZ	39.0	8.0	39	CTCF	7674.398	12738.0	12738.0	66	366	0
chr17_26603750_26604060	4.585	-0.019	chr17	26603750	26604060	CTCF_ENCSR000AKB	1.0	24.0	24	CTCF	20.263	20.531	20.53125	310	217	0
chr17_26603750_26604060	4.459	-0.019	chr17	26603750	26604060	CTCF_ENCSR000DRZ	1.0	22.0	22	CTCF	20.263	20.531	20.53125	310	368	0
chr17_27197481_27197899	-4.0	-0.196	chr17	27197481	27197899	CTCF_ENCSR000DKV	16.0	1.0	16	CTCF	1391.127	1593.5	1593.5	418	514	0
chr17_27197481_27197899	-4.807	-0.196	chr17	27197481	27197899	CTCF_ENCSR000DRZ	28.0	1.0	28	CTCF	1391.127	1593.5	1593.5	418	369	0
chr17_32142101_32142631	-2.0	0.041	chr17	32142101	32142631	CTCF_ENCSR000AKB	16.0	4.0	16	CTCF	941.5	915.028	941.5	530	219	0
chr17_34361633_34361717	4.044	0.058	chr17	34361633	34361717	CTCF_ENCSR000AKB	2.0	33.0	33	CTCF	17015.0	16341.058	17015.0	84	220	0
chr17_34361633_34361717	3.609	0.058	chr17	34361633	34361717	CTCF_ENCSR000DKV	5.0	61.0	61	CTCF	17015.0	16341.058	17015.0	84	519	0
chr17_34361633_34361717	5.426	0.058	chr17	34361633	34361717	CTCF_ENCSR000DRZ	1.0	43.0	43	CTCF	17015.0	16341.058	17015.0	84	374	0
chr17_39175063_39175135	1.263	0.154	chr17	39175063	39175135	CTCF_ENCSR000DRZ	15.0	36.0	36	CTCF	12544.0	11272.104	12544.0	72	378	0
chr17_42578513_42578789	1.678	-0.05	chr17	42578513	42578789	CTCF_ENCSR000AKB	10.0	32.0	32	CTCF	8061.034	8344.0	8344.0	276	223	0
chr17_43766567_43766615	-1.515	-0.43	chr17	43766567	43766615	CTCF_ENCSR000AKB	20.0	7.0	20	CTCF	7563.256	10188.0	10188.0	48	224	0
chr17_43766567_43766615	-1.254	-0.43	chr17	43766567	43766615	CTCF_ENCSR000DKV	31.0	13.0	31	CTCF	7563.256	10188.0	10188.0	48	527	1
chr17_43766567_43766615	-1.918	-0.43	chr17	43766567	43766615	CTCF_ENCSR000DRZ	34.0	9.0	34	CTCF	7563.256	10188.0	10188.0	48	381	0
chr17_46253969_46254065	4.907	0.018	chr17	46253969	46254065	CTCF_ENCSR000AKB	1.0	30.0	30	CTCF	8617.5	8513.01	8617.5	96	228	0
chr17_46253969_46254065	6.066	0.018	chr17	46253969	46254065	CTCF_ENCSR000DKV	1.0	67.0	67	CTCF	8617.5	8513.01	8617.5	96	530	0
chr17_46253969_46254065	5.358	0.018	chr17	46253969	46254065	CTCF_ENCSR000DRZ	1.0	41.0	41	CTCF	8617.5	8513.01	8617.5	96	385	0
chr17_47970883_47971087	2.0	-0.009	chr17	47970883	47971087	CTCF_ENCSR000AKB	7.0	28.0	28	CTCF	12140.004	12212.0	12212.0	204	229	0
chr17_47970883_47971087	1.67	-0.009	chr17	47970883	47971087	CTCF_ENCSR000DKV	11.0	35.0	35	CTCF	12140.004	12212.0	12212.0	204	531	0
chr17_47970883_47971087	1.17	-0.009	chr17	47970883	47971087	CTCF_ENCSR000DRZ	12.0	27.0	27	CTCF	12140.004	12212.0	12212.0	204	386	0
chr17_4903387_4903945	-3.0	0.019	chr17	4903387	4903945	CTCF_ENCSR000AKB	24.0	3.0	24	CTCF	1137.0	1122.013	1137.0	558	231	0
chr17_4903387_4903945	-1.193	0.019	chr17	4903387	4903945	CTCF_ENCSR000DKV	32.0	14.0	32	CTCF	1137.0	1122.013	1137.0	558	535	0
chr17_63835016_63835068	1.531	-0.077	chr17	63835016	63835068	CTCF_ENCSR000AKB	9.0	26.0	26	CTCF	9720.049	10256.0	10256.0	52	234	0
chr17_63835016_63835068	1.28	-0.077	chr17	63835016	63835068	CTCF_ENCSR000DKV	21.0	51.0	51	CTCF	9720.049	10256.0	10256.0	52	539	0
chr17_75412679_75412815	-3.059	0.042	chr17	75412679	75412815	CTCF_ENCSR000DKV	25.0	3.0	25	CTCF	9032.0	8774.034	9032.0	136	546	0
chr17_75412679_75412815	-3.248	0.042	chr17	75412679	75412815	CTCF_ENCSR000DRZ	19.0	2.0	19	CTCF	9032.0	8774.034	9032.0	136	398	0
chr17_75620156_75620194	1.737	0.379	chr17	75620156	75620194	CTCF_ENCSR000DKV	6.0	20.0	20	CTCF	7050.0	5422.232	7050.0	38	548	0
chr17_82494711_82494907	-2.807	0.0	chr17	82494711	82494907	CTCF_ENCSR000AKB	35.0	5.0	35	CTCF	10138.0	10138.0	10138.0	196	240	0
chr17_82494711_82494907	-4.115	0.0	chr17	82494711	82494907	CTCF_ENCSR000DKV	52.0	3.0	52	CTCF	10138.0	10138.0	10138.0	196	557	0
chr17_82494711_82494907	-2.954	0.0	chr17	82494711	82494907	CTCF_ENCSR000DRZ	31.0	4.0	31	CTCF	10138.0	10138.0	10138.0	196	405	0
chr18_10438003_10438087	4.17	3.771	chr18	10438003	10438087	CTCF_ENCSR000AKB	1.0	18.0	18	CTCF	6166.0	451.677	6166.0	84	242	1
chr18_10438003_10438087	3.273	3.771	chr18	10438003	10438087	CTCF_ENCSR000DKV	3.0	29.0	29	CTCF	6166.0	451.677	6166.0	84	559	1
chr18_10438003_10438087	3.248	3.771	chr18	10438003	10438087	CTCF_ENCSR000DRZ	2.0	19.0	19	CTCF	6166.0	451.677	6166.0	84	407	1
chr18_12727196_12727306	-1.078	-0.026	chr18	12727196	12727306	CTCF_ENCSR000AKB	19.0	9.0	19	CTCF	10120.022	10302.0	10302.0	110	243	0
chr18_14415940_14416036	-3.954	-0.049	chr18	14415940	14416036	CTCF_ENCSR000DKV	31.0	2.0	31	CTCF	4218.533	4365.0	4365.0	96	563	0
chr18_24726796_24726922	-1.193	-0.0	chr18	24726796	24726922	CTCF_ENCSR000DRZ	16.0	7.0	16	CTCF	9272.99	9276.0	9276.0	126	411	0
chr18_31957077_31957199	2.0	0.057	chr18	31957077	31957199	CTCF_ENCSR000DKV	4.0	16.0	16	CTCF	7551.0	7256.537	7551.0	122	568	0
chr18_32158138_32158262	-1.138	-0.002	chr18	32158138	32158262	CTCF_ENCSR000DRZ	22.0	10.0	22	CTCF	9118.001	9128.0	9128.0	124	413	0
chr18_52904030_52904076	1.087	-0.082	chr18	52904030	52904076	CTCF_ENCSR000DKV	8.0	17.0	17	CTCF	5658.059	5990.0	5990.0	46	574	0
chr18_59070554_59070670	-1.263	-0.013	chr18	59070554	59070670	CTCF_ENCSR000DRZ	24.0	10.0	24	CTCF	10783.01	10877.0	10877.0	116	417	0
chr18_60684966_60685104	-1.07	-0.009	chr18	60684966	60685104	CTCF_ENCSR000DKV	21.0	10.0	21	CTCF	5911.0	5946.0	5946.0	138	577	0
chr18_62249623_62249787	-1.17	0.038	chr18	62249623	62249787	CTCF_ENCSR000AKB	18.0	8.0	18	CTCF	9002.0	8770.026	9002.0	164	249	0
chr18_6920159_6920257	-2.0	-0.023	chr18	6920159	6920257	CTCF_ENCSR000AKB	24.0	6.0	24	CTCF	7348.015	7464.0	7464.0	98	250	0
chr18_6920159_6920257	-1.474	-0.023	chr18	6920159	6920257	CTCF_ENCSR000DKV	25.0	9.0	25	CTCF	7348.015	7464.0	7464.0	98	579	0
chr18_7038432_7038529	-4.644	-0.039	chr18	7038432	7038529	CTCF_ENCSR000DKV	25.0	1.0	25	CTCF	6834.03	7020.0	7020.0	97	580	0
chr18_7038432_7038529	-3.7	-0.039	chr18	7038432	7038529	CTCF_ENCSR000DRZ	26.0	2.0	26	CTCF	6834.03	7020.0	7020.0	97	418	0
chr18_74310615_74310667	2.17	0.83	chr18	74310615	74310667	CTCF_ENCSR000DKV	6.0	27.0	27	CTCF	2936.0	1651.437	2936.0	52	582	0
chr18_74310615_74310667	2.503	0.83	chr18	74310615	74310667	CTCF_ENCSR000DRZ	3.0	17.0	17	CTCF	2936.0	1651.437	2936.0	52	419	0
chr18_8696893_8696987	1.087	0.0	chr18	8696893	8696987	CTCF_ENCSR000AKB	8.0	17.0	17	CTCF	13504.0	13501.992	13504.0	94	252	0
chr19_12775597_12775693	-1.202	0.046	chr19	12775597	12775693	CTCF_ENCSR000AKB	23.0	10.0	23	CTCF	8810.0	8535.03	8810.0	96	255	0
chr19_13234705_13234791	2.202	0.699	chr19	13234705	13234791	CTCF_ENCSR000DKV	5.0	23.0	23	CTCF	9678.0	5961.381	9678.0	86	590	0
chr19_14472292_14472392	-1.104	0.004	chr19	14472292	14472392	CTCF_ENCSR000AKB	43.0	20.0	43	CTCF	12988.0	12956.007	12988.0	100	257	0
chr19_14888818_14889068	-2.503	0.004	chr19	14888818	14889068	CTCF_ENCSR000AKB	17.0	3.0	17	CTCF	8957.0	8933.997	8957.0	250	258	0
chr19_14888818_14889068	-3.524	0.004	chr19	14888818	14889068	CTCF_ENCSR000DKV	23.0	2.0	23	CTCF	8957.0	8933.997	8957.0	250	593	0
chr19_14888818_14889068	-4.807	0.004	chr19	14888818	14889068	CTCF_ENCSR000DRZ	28.0	1.0	28	CTCF	8957.0	8933.997	8957.0	250	428	0
chr19_1546320_1546416	-1.898	-0.07	chr19	1546320	1546416	CTCF_ENCSR000DKV	41.0	11.0	41	CTCF	13404.556	14066.5	14066.5	96	594	0
chr19_15629441_15629531	1.216	0.054	chr19	15629441	15629531	CTCF_ENCSR000DRZ	34.0	79.0	79	CTCF	16086.0	15492.031	16086.0	90	431	0
chr19_16111395_16111855	-1.138	-0.059	chr19	16111395	16111855	CTCF_ENCSR000AKB	22.0	10.0	22	CTCF	9069.031	9445.0	9445.0	460	261	0
chr19_16111395_16111855	-1.469	-0.059	chr19	16111395	16111855	CTCF_ENCSR000DKV	36.0	13.0	36	CTCF	9069.031	9445.0	9445.0	460	597	0
chr19_2391403_2391495	1.152	-0.114	chr19	2391403	2391495	CTCF_ENCSR000AKB	9.0	20.0	20	CTCF	8941.077	9679.0	9679.0	92	266	0
chr19_3104142_3104436	1.152	0.064	chr19	3104142	3104436	CTCF_ENCSR000AKB	9.0	20.0	20	CTCF	7921.0	7577.042	7921.0	294	268	0
chr19_39502939_39502977	-1.392	-0.007	chr19	39502939	39502977	CTCF_ENCSR000DRZ	21.0	8.0	21	CTCF	12447.007	12504.0	12504.0	38	449	0
chr19_40570654_40570992	3.0	2.214	chr19	40570654	40570992	CTCF_ENCSR000AKB	2.0	16.0	16	CTCF	2664.5	574.284	2664.5	338	275	1
chr19_40570654_40570992	4.17	2.214	chr19	40570654	40570992	CTCF_ENCSR000DKV	1.0	18.0	18	CTCF	2664.5	574.284	2664.5	338	619	0
chr19_40570654_40570992	4.0	2.214	chr19	40570654	40570992	CTCF_ENCSR000DRZ	1.0	16.0	16	CTCF	2664.5	574.284	2664.5	338	450	0
chr19_40909121_40909205	-3.841	-2.188	chr19	40909121	40909205	CTCF_ENCSR000DKV	43.0	3.0	43	CTCF	1626.281	7409.0	7409.0	84	620	0
chr19_40909121_40909205	-4.459	-2.188	chr19	40909121	40909205	CTCF_ENCSR000DRZ	22.0	1.0	22	CTCF	1626.281	7409.0	7409.0	84	451	0
chr19_42857288_42857522	1.392	-0.128	chr19	42857288	42857522	CTCF_ENCSR000DKV	8.0	21.0	21	CTCF	5332.081	5827.0	5827.0	234	621	0
chr19_42857288_42857522	2.807	-0.128	chr19	42857288	42857522	CTCF_ENCSR000DRZ	3.0	21.0	21	CTCF	5332.081	5827.0	5827.0	234	453	0
chr19_42885020_42885140	4.7	0.032	chr19	42885020	42885140	CTCF_ENCSR000DKV	1.0	26.0	26	CTCF	6735.0	6585.026	6735.0	120	622	0
chr19_42885020_42885140	4.248	0.032	chr19	42885020	42885140	CTCF_ENCSR000DRZ	1.0	19.0	19	CTCF	6735.0	6585.026	6735.0	120	454	0
chr19_4352705_4352821	-1.399	-0.092	chr19	4352705	4352821	CTCF_ENCSR000DKV	58.0	22.0	58	CTCF	10792.066	11503.0	11503.0	116	623	0
chr19_44500415_44500747	-2.087	-0.029	chr19	44500415	44500747	CTCF_ENCSR000DKV	17.0	4.0	17	CTCF	2728.021	2784.0	2784.0	332	626	0
chr19_49266523_49266591	4.585	-0.123	chr19	49266523	49266591	CTCF_ENCSR000DKV	1.0	24.0	24	CTCF	5952.081	6480.0	6480.0	68	637	0
chr19_49443573_49444053	-1.222	0.009	chr19	49443573	49444053	CTCF_ENCSR000DRZ	28.0	12.0	28	CTCF	14868.0	14772.004	14868.0	480	465	0
chr19_50252350_50252586	-2.415	-0.968	chr19	50252350	50252586	CTCF_ENCSR000AKB	16.0	3.0	16	CTCF	4441.488	8690.0	8690.0	236	283	0
chr19_50252350_50252586	-1.926	-0.968	chr19	50252350	50252586	CTCF_ENCSR000DKV	19.0	5.0	19	CTCF	4441.488	8690.0	8690.0	236	639	1
chr19_50252350_50252586	-1.652	-0.968	chr19	50252350	50252586	CTCF_ENCSR000DRZ	22.0	7.0	22	CTCF	4441.488	8690.0	8690.0	236	466	1
chr19_51661127_51661221	-2.415	-0.147	chr19	51661127	51661221	CTCF_ENCSR000AKB	16.0	3.0	16	CTCF	9090.099	10062.0	10062.0	94	284	0
chr19_51661127_51661221	-2.663	-0.147	chr19	51661127	51661221	CTCF_ENCSR000DRZ	19.0	3.0	19	CTCF	9090.099	10062.0	10062.0	94	468	0
chr19_52748462_52748556	-1.193	-0.596	chr19	52748462	52748556	CTCF_ENCSR000DRZ	16.0	7.0	16	CTCF	3159.339	4774.5	4774.5	94	469	1
chr19_605143_605947	1.415	-0.025	chr19	605143	605947	CTCF_ENCSR000DKV	9.0	24.0	24	CTCF	617.455	628.438	628.4375	804	645	0
chr19_605143_605947	3.222	-0.025	chr19	605143	605947	CTCF_ENCSR000DRZ	3.0	28.0	28	CTCF	617.455	628.438	628.4375	804	472	0
chr19_6460102_6460692	-1.138	-0.081	chr19	6460102	6460692	CTCF_ENCSR000DKV	22.0	10.0	22	CTCF	590.555	624.5	624.5	590	646	0
chr19_7799679_7799819	-1.193	-0.522	chr19	7799679	7799819	CTCF_ENCSR000DKV	16.0	7.0	16	CTCF	5699.304	8184.0	8184.0	140	648	1
chr20_13302763_13302857	-1.042	0.109	chr20	13302763	13302857	CTCF_ENCSR000DRZ	35.0	17.0	35	CTCF	8160.0	7566.075	8160.0	94	549	0
chr20_21693421_21693630	3.524	2.232	chr20	21693421	21693630	CTCF_ENCSR000DKV	2.0	23.0	23	CTCF	5410.0	1151.287	5410.0	209	763	0
chr20_25861636_25861758	-4.087	-0.032	chr20	25861636	25861758	CTCF_ENCSR000DKV	17.0	1.0	17	CTCF	1680.523	1718.5	1718.5	122	768	0
chr20_25987171_25987681	-3.248	0.201	chr20	25987171	25987681	CTCF_ENCSR000DRZ	19.0	2.0	19	CTCF	815.5	709.63	815.5	510	554	0
chr20_35145270_35145306	1.273	0.592	chr20	35145270	35145306	CTCF_ENCSR000DKV	12.0	29.0	29	CTCF	9646.0	6401.337	9646.0	36	773	1
chr20_35145270_35145306	1.29	0.592	chr20	35145270	35145306	CTCF_ENCSR000DRZ	9.0	22.0	22	CTCF	9646.0	6401.337	9646.0	36	558	1
chr20_37615978_37616044	-1.807	-0.411	chr20	37615978	37616044	CTCF_ENCSR000AKB	42.0	12.0	42	CTCF	5932.243	7886.0	7886.0	66	333	0
chr20_37615978_37616044	-2.059	-0.411	chr20	37615978	37616044	CTCF_ENCSR000DKV	50.0	12.0	50	CTCF	5932.243	7886.0	7886.0	66	776	0
chr20_37615978_37616044	-2.907	-0.411	chr20	37615978	37616044	CTCF_ENCSR000DRZ	45.0	6.0	45	CTCF	5932.243	7886.0	7886.0	66	560	0
chr20_40160114_40160402	-1.503	0.054	chr20	40160114	40160402	CTCF_ENCSR000DRZ	17.0	6.0	17	CTCF	5407.0	5207.036	5407.0	288	561	0
chr20_41956464_41956550	-1.222	-0.248	chr20	41956464	41956550	CTCF_ENCSR000DKV	21.0	9.0	21	CTCF	5127.16	6088.0	6088.0	86	780	1
chr20_4221235_4221523	-1.17	-0.1	chr20	4221235	4221523	CTCF_ENCSR000DKV	18.0	8.0	18	CTCF	4795.066	5138.0	5138.0	288	781	0
chr20_47677991_47678091	-1.115	-0.028	chr20	47677991	47678091	CTCF_ENCSR000AKB	26.0	12.0	26	CTCF	12840.021	13096.0	13096.0	100	334	0
chr20_47786593_47786721	1.519	0.364	chr20	47786593	47786721	CTCF_ENCSR000DKV	15.0	43.0	43	CTCF	5479.0	4256.229	5479.0	128	787	0
chr20_51220380_51220434	-1.047	0.091	chr20	51220380	51220434	CTCF_ENCSR000DKV	31.0	15.0	31	CTCF	14582.0	13688.062	14582.0	54	790	0
chr20_51326386_51326454	-2.722	-1.038	chr20	51326386	51326454	CTCF_ENCSR000DKV	33.0	5.0	33	CTCF	3744.515	7688.0	7688.0	68	791	0
chr20_51326386_51326454	-3.426	-1.038	chr20	51326386	51326454	CTCF_ENCSR000DRZ	43.0	4.0	43	CTCF	3744.515	7688.0	7688.0	68	568	0
chr20_59525629_59525809	-1.893	0.015	chr20	59525629	59525809	CTCF_ENCSR000AKB	26.0	7.0	26	CTCF	10450.0	10342.012	10450.0	180	338	0
chr20_59525629_59525809	-1.152	0.015	chr20	59525629	59525809	CTCF_ENCSR000DKV	20.0	9.0	20	CTCF	10450.0	10342.012	10450.0	180	794	0
chr20_63496246_63496342	1.087	0.007	chr20	63496246	63496342	CTCF_ENCSR000AKB	8.0	17.0	17	CTCF	14304.0	14236.007	14304.0	96	341	0
chr20_63948552_63949590	2.0	0.096	chr20	63948552	63949590	CTCF_ENCSR000DRZ	4.0	16.0	16	CTCF	574.0	537.064	574.0	1038	573	0
chr20_7031401_7031459	-1.766	-1.757	chr20	7031401	7031459	CTCF_ENCSR000DKV	17.0	5.0	17	CTCF	1428.704	4830.0	4830.0	58	799	1
chr21_36153141_36153350	1.441	0.073	chr21	36153141	36153350	CTCF_ENCSR000DKV	7.0	19.0	19	CTCF	6283.0	5972.052	6283.0	209	807	0
chr21_36989769_36990121	1.263	-0.004	chr21	36989769	36990121	CTCF_ENCSR000AKB	10.0	24.0	24	CTCF	988.003	991.0	991.0	352	345	0
chr21_36989769_36990121	1.184	-0.004	chr21	36989769	36990121	CTCF_ENCSR000DRZ	11.0	25.0	25	CTCF	988.003	991.0	991.0	352	579	0
chr21_37220854_37221646	2.459	-0.003	chr21	37220854	37221646	CTCF_ENCSR000DKV	8.0	44.0	44	CTCF	2092.002	2096.0	2096.0	792	811	0
chr21_37220854_37221646	3.17	-0.003	chr21	37220854	37221646	CTCF_ENCSR000DRZ	2.0	18.0	18	CTCF	2092.002	2096.0	2096.0	792	581	0
chr21_42107947_42108109	3.115	2.947	chr21	42107947	42108109	CTCF_ENCSR000AKB	3.0	26.0	26	CTCF	10600.0	1374.871	10600.0	162	347	1
chr21_42107947_42108109	5.409	2.947	chr21	42107947	42108109	CTCF_ENCSR000DKV	2.0	85.0	85	CTCF	10600.0	1374.871	10600.0	162	814	0
chr21_42107947_42108109	5.0	2.947	chr21	42107947	42108109	CTCF_ENCSR000DRZ	2.0	64.0	64	CTCF	10600.0	1374.871	10600.0	162	585	0
chr21_42381537_42381613	-2.059	-0.786	chr21	42381537	42381613	CTCF_ENCSR000DKV	25.0	6.0	25	CTCF	6191.422	10678.0	10678.0	76	815	0
chr21_42381537_42381613	-1.585	-0.786	chr21	42381537	42381613	CTCF_ENCSR000DRZ	21.0	7.0	21	CTCF	6191.422	10678.0	10678.0	76	586	1
chr21_42818401_42818459	2.433	0.222	chr21	42818401	42818459	CTCF_ENCSR000DKV	5.0	27.0	27	CTCF	11114.0	9530.143	11114.0	58	817	0
chr21_42818401_42818459	3.459	0.222	chr21	42818401	42818459	CTCF_ENCSR000DRZ	2.0	22.0	22	CTCF	11114.0	9530.143	11114.0	58	588	0
chr21_43810929_43810991	-1.054	-0.013	chr21	43810929	43810991	CTCF_ENCSR000AKB	27.0	13.0	27	CTCF	15890.019	16032.0	16032.0	62	348	0
chr21_46228859_46229137	4.087	-0.013	chr21	46228859	46229137	CTCF_ENCSR000DRZ	1.0	17.0	17	CTCF	647.009	653.0	653.0	278	592	0
chr22_20697631_20697747	-1.644	-0.167	chr22	20697631	20697747	CTCF_ENCSR000AKB	25.0	8.0	25	CTCF	7893.614	8862.0	8862.0	116	351	0
chr22_20697631_20697747	-2.062	-0.167	chr22	20697631	20697747	CTCF_ENCSR000DKV	71.0	17.0	71	CTCF	7893.614	8862.0	8862.0	116	824	0
chr22_20697631_20697747	-2.773	-0.167	chr22	20697631	20697747	CTCF_ENCSR000DRZ	41.0	6.0	41	CTCF	7893.614	8862.0	8862.0	116	593	0
chr22_22060699_22060835	-1.248	-0.007	chr22	22060699	22060835	CTCF_ENCSR000AKB	19.0	8.0	19	CTCF	12012.001	12068.0	12068.0	136	352	0
chr22_22060699_22060835	-1.07	-0.007	chr22	22060699	22060835	CTCF_ENCSR000DKV	21.0	10.0	21	CTCF	12012.001	12068.0	12068.0	136	826	0
chr22_22810114_22810186	-5.285	-2.829	chr22	22810114	22810186	CTCF_ENCSR000DRZ	39.0	1.0	39	CTCF	1800.86	12800.0	12800.0	72	596	0
chr22_22942866_22942960	1.032	0.011	chr22	22942866	22942960	CTCF_ENCSR000AKB	22.0	45.0	45	CTCF	13726.0	13620.017	13726.0	94	353	0
chr22_22942866_22942960	1.076	0.011	chr22	22942866	22942960	CTCF_ENCSR000DKV	37.0	78.0	78	CTCF	13726.0	13620.017	13726.0	94	827	0
chr22_23315728_23315830	2.515	0.192	chr22	23315728	23315830	CTCF_ENCSR000AKB	7.0	40.0	40	CTCF	8302.0	7266.128	8302.0	102	354	0
chr22_23315728_23315830	1.521	0.192	chr22	23315728	23315830	CTCF_ENCSR000DKV	23.0	66.0	66	CTCF	8302.0	7266.128	8302.0	102	828	0
chr22_23315728_23315830	1.138	0.192	chr22	23315728	23315830	CTCF_ENCSR000DRZ	15.0	33.0	33	CTCF	8302.0	7266.128	8302.0	102	598	1
chr22_23894047_23894519	1.515	0.0	chr22	23894047	23894519	CTCF_ENCSR000AKB	7.0	20.0	20	CTCF	10288.0	10286.001	10288.0	472	355	0
chr22_24259587_24259725	-4.248	-0.015	chr22	24259587	24259725	CTCF_ENCSR000DKV	19.0	1.0	19	CTCF	5162.512	5216.5	5216.5	138	830	0
chr22_26672694_26672974	1.17	-0.022	chr22	26672694	26672974	CTCF_ENCSR000DRZ	8.0	18.0	18	CTCF	463.015	470.0	470.0	280	604	0
chr22_26756771_26756833	1.193	-0.035	chr22	26756771	26756833	CTCF_ENCSR000AKB	7.0	16.0	16	CTCF	10723.017	10990.0	10990.0	62	360	0
chr22_26756771_26756833	1.948	-0.035	chr22	26756771	26756833	CTCF_ENCSR000DKV	7.0	27.0	27	CTCF	10723.017	10990.0	10990.0	62	837	0
chr22_26756771_26756833	2.17	-0.035	chr22	26756771	26756833	CTCF_ENCSR000DRZ	6.0	27.0	27	CTCF	10723.017	10990.0	10990.0	62	606	0
chr22_35043418_35043492	-1.874	-1.062	chr22	35043418	35043492	CTCF_ENCSR000AKB	22.0	6.0	22	CTCF	1894.52	3954.5	3954.5	74	362	1
chr22_35043418_35043492	-1.366	-1.062	chr22	35043418	35043492	CTCF_ENCSR000DKV	67.0	26.0	67	CTCF	1894.52	3954.5	3954.5	74	844	1
chr22_35043418_35043492	-1.198	-1.062	chr22	35043418	35043492	CTCF_ENCSR000DRZ	39.0	17.0	39	CTCF	1894.52	3954.5	3954.5	74	609	1
chr22_37283511_37283720	-2.087	-1.522	chr22	37283511	37283720	CTCF_ENCSR000AKB	17.0	4.0	17	CTCF	2165.153	6216.0	6216.0	209	364	1
chr22_37283511_37283720	-1.628	-1.522	chr22	37283511	37283720	CTCF_ENCSR000DKV	34.0	11.0	34	CTCF	2165.153	6216.0	6216.0	209	846	1
chr22_37283511_37283720	-5.285	-1.522	chr22	37283511	37283720	CTCF_ENCSR000DRZ	39.0	1.0	39	CTCF	2165.153	6216.0	6216.0	209	612	0
chr22_39932984_39933054	1.064	0.069	chr22	39932984	39933054	CTCF_ENCSR000AKB	11.0	23.0	23	CTCF	8054.0	7678.043	8054.0	70	365	1
chr22_41951030_41951132	1.415	0.825	chr22	41951030	41951132	CTCF_ENCSR000DRZ	6.0	16.0	16	CTCF	5890.5	3324.936	5890.5	102	617	1
chr22_49923501_49923710	-5.585	-1.988	chr22	49923501	49923710	CTCF_ENCSR000AKB	48.0	1.0	48	CTCF	510.748	2025.5	2025.5	209	370	0
chr22_49923501_49923710	-5.644	-1.988	chr22	49923501	49923710	CTCF_ENCSR000DKV	50.0	1.0	50	CTCF	510.748	2025.5	2025.5	209	856	0
chr22_49923501_49923710	-2.485	-1.988	chr22	49923501	49923710	CTCF_ENCSR000DRZ	28.0	5.0	28	CTCF	510.748	2025.5	2025.5	209	622	1
chrX_101803603_101803695	1.193	0.578	chrX	101803603	101803695	CTCF_ENCSR000DKV	7.0	16.0	16	CTCF	6390.0	4281.333	6390.0	92	1367	1
chrX_110145938_110146092	1.248	-0.096	chrX	110145938	110146092	CTCF_ENCSR000DRZ	8.0	19.0	19	CTCF	6062.064	6478.0	6478.0	154	932	0
chrX_121000719_121000811	2.322	0.023	chrX	121000719	121000811	CTCF_ENCSR000DKV	4.0	20.0	20	CTCF	4671.0	4597.012	4671.0	92	1369	0
chrX_124388669_124388865	1.363	0.075	chrX	124388669	124388865	CTCF_ENCSR000DKV	14.0	36.0	36	CTCF	9028.0	8570.056	9028.0	196	1370	0
chrX_12771562_12771702	3.222	-0.016	chrX	12771562	12771702	CTCF_ENCSR000AKB	6.0	56.0	56	CTCF	14178.002	14338.0	14338.0	140	549	0
chrX_12771562_12771702	2.511	-0.016	chrX	12771562	12771702	CTCF_ENCSR000DKV	20.0	114.0	114	CTCF	14178.002	14338.0	14338.0	140	1371	0
chrX_12771562_12771702	2.982	-0.016	chrX	12771562	12771702	CTCF_ENCSR000DRZ	10.0	79.0	79	CTCF	14178.002	14338.0	14338.0	140	934	0
chrX_129726512_129726594	1.354	-0.078	chrX	129726512	129726594	CTCF_ENCSR000DKV	9.0	23.0	23	CTCF	9039.048	9539.0	9539.0	82	1373	0
chrX_129726512_129726594	1.051	-0.078	chrX	129726512	129726594	CTCF_ENCSR000DRZ	14.0	29.0	29	CTCF	9039.048	9539.0	9539.0	82	936	0
chrX_131711126_131711196	-4.322	-0.342	chrX	131711126	131711196	CTCF_ENCSR000DKV	20.0	1.0	20	CTCF	5130.21	6502.0	6502.0	70	1374	0
chrX_131741853_131742017	-2.273	0.112	chrX	131741853	131742017	CTCF_ENCSR000DKV	29.0	6.0	29	CTCF	3282.0	3036.075	3282.0	164	1375	0
chrX_131752574_131752660	-2.248	0.051	chrX	131752574	131752660	CTCF_ENCSR000DKV	19.0	4.0	19	CTCF	2757.0	2662.034	2757.0	86	1376	0
chrX_131792386_131792646	-3.503	-0.082	chrX	131792386	131792646	CTCF_ENCSR000DKV	34.0	3.0	34	CTCF	2141.055	2266.0	2266.0	260	1377	0
chrX_145190962_145191044	2.115	-0.06	chrX	145190962	145191044	CTCF_ENCSR000DKV	6.0	26.0	26	CTCF	3898.04	4063.0	4063.0	82	1378	0
chrX_15471095_15471357	1.087	0.003	chrX	15471095	15471357	CTCF_ENCSR000AKB	8.0	17.0	17	CTCF	8258.25	8239.253	8258.25	262	550	0
chrX_38717943_38718157	1.222	0.013	chrX	38717943	38718157	CTCF_ENCSR000DKV	9.0	21.0	21	CTCF	9260.0	9176.009	9260.0	214	1380	0
chrX_56726717_56726849	1.848	-0.034	chrX	56726717	56726849	CTCF_ENCSR000DKV	5.0	18.0	18	CTCF	7574.027	7755.0	7755.0	132	1381	0
chrX_69222249_69222303	1.474	0.002	chrX	69222249	69222303	CTCF_ENCSR000DKV	9.0	25.0	25	CTCF	11285.0	11273.004	11285.0	54	1382	0
