variant_id	DIFF_LOG2_data1	DIFF_LOG2_data2	CHR	POS1	POS2	transcription_factor_data1	haplotype1_data1	haplotype2_data1	HMAX_data1	transcription_factor_data2	haplotype1_data2	haplotype2_data2	HMAX_data2	LENGTH	Unnamed: 0	btwn_lines	GENOME	prediction_quality
chr1_111197722_111197774	-4.129	-3.962	chr1	111197722	111197774	CTCF_ENCSR000DKV	35.0	2.0	35	CTCF	657.935	10256.0	10256.0	52	10	1	GM12878	good
chr1_111197722_111197774	-4.644	-3.962	chr1	111197722	111197774	CTCF_ENCSR000DRZ	25.0	1.0	25	CTCF	657.935	10256.0	10256.0	52	10	1	GM12878	good
chr1_116672611_116672820	3.17	3.74	chr1	116672611	116672820	CTCF	5.0	45.0	45	CTCF	5462.0	408.925	5462.0	209	24	1	HepG2	good
chr1_116919871_116920080	-4.954	0.006	chr1	116919871	116920080	CTCF	31.0	1.0	31	CTCF	3077.5	3064.504	3077.5	209	25	0	HepG2	bad
chr1_119674921_119675013	6.248	0.02	chr1	119674921	119675013	CTCF	3.0	228.0	228	CTCF	7660.0	7556.008	7660.0	92	34	0	HepG2	bad
chr1_152142120_152142236	6.943	-0.026	chr1	152142120	152142236	CTCF	1.0	123.0	123	CTCF	6740.021	6862.0	6862.0	116	52	0	HepG2	bad
chr1_153617749_153617807	-4.954	-4.948	chr1	153617749	153617807	CTCF_ENCSR000DKV	31.0	1.0	31	CTCF	290.718	8975.0	8975.0	58	26	1	GM12878	good
chr1_153617749_153617807	-4.7	-4.948	chr1	153617749	153617807	CTCF_ENCSR000DRZ	26.0	1.0	26	CTCF	290.718	8975.0	8975.0	58	20	1	GM12878	good
chr1_154749197_154749313	-4.248	0.03	chr1	154749197	154749313	CTCF	19.0	1.0	19	CTCF	4060.0	3976.024	4060.0	116	58	0	HepG2	bad
chr1_160990397_160990445	-5.966	0.057	chr1	160990397	160990445	CTCF	125.0	2.0	125	CTCF	6830.0	6566.036	6830.0	48	79	0	HepG2	bad
chr1_161566293_161566389	-6.248	-0.081	chr1	161566293	161566389	CTCF	76.0	1.0	76	CTCF	4579.802	4843.75	4843.75	96	83	0	HepG2	bad
chr1_161647624_161647808	3.17	0.065	chr1	161647624	161647808	CTCF_ENCSR000DKV	2.0	18.0	18	CTCF	4738.5	4531.045	4738.5	184	41	0	GM12878	bad
chr1_16352318_16352686	6.966	-0.022	chr1	16352318	16352686	CTCF	1.0	125.0	125	CTCF	1427.016	1449.0	1449.0	368	88	0	HepG2	bad
chr1_182069091_182069300	-4.0	-5.167	chr1	182069091	182069300	CTCF_ENCSR000DKV	16.0	1.0	16	CTCF	232.972	8371.0	8371.0	209	54	1	GM12878	good
chr1_182069091_182069300	-4.858	-5.167	chr1	182069091	182069300	CTCF_ENCSR000DRZ	29.0	1.0	29	CTCF	232.972	8371.0	8371.0	209	38	1	GM12878	good
chr1_196827861_196828319	3.087	0.082	chr1	196827861	196828319	CTCF_ENCSR000DKV	2.0	17.0	17	CTCF	2984.5	2820.055	2984.5	458	57	0	GM12878	bad
chr1_200302120_200302724	4.7	-0.056	chr1	200302120	200302724	CTCF	1.0	26.0	26	CTCF	691.288	718.5	718.5	604	148	0	HepG2	bad
chr1_206911183_206911383	5.392	-0.035	chr1	206911183	206911383	CTCF	1.0	42.0	42	CTCF	5238.02	5368.0	5368.0	200	174	0	HepG2	bad
chr1_211649168_211649222	-4.087	-4.882	chr1	211649168	211649222	CTCF_ENCSR000AKB	17.0	1.0	17	CTCF	206.466	6086.25	6086.25	54	29	1	GM12878	good
chr1_211649168_211649222	-4.392	-4.882	chr1	211649168	211649222	CTCF_ENCSR000DKV	21.0	1.0	21	CTCF	206.466	6086.25	6086.25	54	69	1	GM12878	good
chr1_211649168_211649222	-4.322	-4.882	chr1	211649168	211649222	CTCF_ENCSR000DRZ	20.0	1.0	20	CTCF	206.466	6086.25	6086.25	54	49	1	GM12878	good
chr1_216742783_216742879	4.17	0.076	chr1	216742783	216742879	CTCF	1.0	18.0	18	CTCF	2393.5	2270.051	2393.5	96	199	0	HepG2	bad
chr1_21854983_21856217	4.0	0.006	chr1	21854983	21856217	CTCF	1.0	16.0	16	CTCF	391.5	390.004	391.5	1234	200	0	HepG2	bad
chr1_224945879_224946347	-4.392	0.077	chr1	224945879	224946347	CTCF	21.0	1.0	21	CTCF	1997.5	1893.552	1997.5	468	212	0	HepG2	bad
chr1_246971348_246971638	3.087	0.002	chr1	246971348	246971638	CTCF	4.0	34.0	34	CTCF	2638.0	2635.002	2638.0	290	255	0	HepG2	bad
chr1_29880726_29880764	3.087	3.427	chr1	29880726	29880764	CTCF	2.0	17.0	17	CTCF	3132.0	291.157	3132.0	38	275	1	HepG2	good
chr1_30782988_30783126	3.273	2.603	chr1	30782988	30783126	CTCF_ENCSR000DRZ	3.0	29.0	29	CTCF	11376.0	1872.837	11376.0	138	68	1	GM12878	good
chr1_42146913_42147199	-4.555	-0.0	chr1	42146913	42147199	CTCF	141.0	6.0	141	CTCF	6350.002	6352.0	6352.0	286	322	0	HepG2	bad
chr1_44925011_44925443	5.285	-0.064	chr1	44925011	44925443	CTCF	1.0	39.0	39	CTCF	1185.793	1239.5	1239.5	432	334	0	HepG2	bad
chr1_47143730_47143912	-3.624	0.046	chr1	47143730	47143912	CTCF	74.0	6.0	74	CTCF	3953.0	3828.03	3953.0	182	337	0	HepG2	bad
chr1_54808397_54809173	3.022	0.033	chr1	54808397	54809173	CTCF	8.0	65.0	65	CTCF	1592.5	1556.023	1592.5	776	351	0	HepG2	bad
chr1_89085945_89086065	3.755	4.328	chr1	89085945	89086065	CTCF_ENCSR000DKV	2.0	27.0	27	CTCF	9518.0	473.95	9518.0	120	117	1	GM12878	good
chr1_89085945_89086065	3.524	4.328	chr1	89085945	89086065	CTCF_ENCSR000DRZ	2.0	23.0	23	CTCF	9518.0	473.95	9518.0	120	82	1	GM12878	good
chr1_94369575_94369687	3.322	0.005	chr1	94369575	94369687	CTCF	3.0	30.0	30	CTCF	533.5	531.504	533.5	112	418	0	HepG2	bad
chr1_94805952_94806032	3.087	0.001	chr1	94805952	94806032	CTCF_ENCSR000DRZ	2.0	17.0	17	CTCF	10740.0	10734.996	10740.0	80	86	0	GM12878	bad
chr2_106384619_106384971	-4.248	0.074	chr2	106384619	106384971	CTCF	19.0	1.0	19	CTCF	451.5	429.05	451.5	352	2071	0	HepG2	bad
chr2_109495436_109495514	3.322	2.511	chr2	109495436	109495514	CTCF	3.0	30.0	30	CTCF	1477.0	259.199	1477.0	78	2080	1	HepG2	good
chr2_111135079_111136411	-3.322	-0.056	chr2	111135079	111136411	CTCF	20.0	2.0	20	CTCF	289.788	301.25	301.25	1332	2083	0	HepG2	bad
chr2_112048889_112050095	6.285	0.0	chr2	112048889	112050095	CTCF	1.0	78.0	78	CTCF	5420.0	5420.0	5420.0	1206	2091	0	HepG2	bad
chr2_112433652_112433728	-4.0	-0.042	chr2	112433652	112433728	CTCF_ENCSR000DKV	16.0	1.0	16	CTCF	6336.535	6523.5	6523.5	76	655	0	GM12878	bad
chr2_112433652_112433728	-4.0	-0.042	chr2	112433652	112433728	CTCF_ENCSR000DRZ	16.0	1.0	16	CTCF	6336.535	6523.5	6523.5	76	480	0	GM12878	bad
chr2_113297317_113297963	5.555	-0.006	chr2	113297317	113297963	CTCF	1.0	47.0	47	CTCF	367.504	369.0	369.0	646	2101	0	HepG2	bad
chr2_113390409_113390627	-4.248	0.003	chr2	113390409	113390627	CTCF_ENCSR000AKB	57.0	3.0	57	CTCF	14122.0	14094.004	14122.0	218	291	0	GM12878	bad
chr2_113390409_113390627	-6.728	0.003	chr2	113390409	113390627	CTCF_ENCSR000DKV	106.0	1.0	106	CTCF	14122.0	14094.004	14122.0	218	657	0	GM12878	bad
chr2_113390409_113390627	-5.615	0.003	chr2	113390409	113390627	CTCF_ENCSR000DRZ	49.0	1.0	49	CTCF	14122.0	14094.004	14122.0	218	482	0	GM12878	bad
chr2_113587391_113587443	-6.57	-0.01	chr2	113587391	113587443	CTCF	95.0	1.0	95	CTCF	3478.007	3502.0	3502.0	52	2102	0	HepG2	bad
chr2_113603481_113604625	-7.7	0.001	chr2	113603481	113604625	CTCF	208.0	1.0	208	CTCF	887.0	886.501	887.0	1144	2103	0	HepG2	bad
chr2_113979627_113979899	5.907	-0.057	chr2	113979627	113979899	CTCF_ENCSR000AKB	1.0	60.0	60	CTCF	5580.037	5803.0	5803.0	272	292	0	GM12878	bad
chr2_113979627_113979899	3.907	-0.057	chr2	113979627	113979899	CTCF_ENCSR000DKV	6.0	90.0	90	CTCF	5580.037	5803.0	5803.0	272	658	0	GM12878	bad
chr2_113979627_113979899	4.485	-0.057	chr2	113979627	113979899	CTCF_ENCSR000DRZ	5.0	112.0	112	CTCF	5580.037	5803.0	5803.0	272	483	0	GM12878	bad
chr2_129936516_129936578	3.273	0.036	chr2	129936516	129936578	CTCF	15.0	145.0	145	CTCF	6748.5	6580.523	6748.5	62	2142	0	HepG2	bad
chr2_131682071_131682999	-6.087	-0.047	chr2	131682071	131682999	CTCF	136.0	2.0	136	CTCF	680.532	703.0	703.0	928	2150	0	HepG2	bad
chr2_140964473_140964617	6.755	-0.017	chr2	140964473	140964617	CTCF	1.0	108.0	108	CTCF	4243.011	4292.0	4292.0	144	2159	0	HepG2	bad
chr2_149561312_149561696	-6.209	-0.001	chr2	149561312	149561696	CTCF	74.0	1.0	74	CTCF	4202.999	4205.0	4205.0	384	2167	0	HepG2	bad
chr2_17470906_17471122	-7.066	0.047	chr2	17470906	17471122	CTCF	134.0	1.0	134	CTCF	6758.0	6541.032	6758.0	216	2213	0	HepG2	bad
chr2_189466813_189466937	-4.672	0.034	chr2	189466813	189466937	CTCF	51.0	2.0	51	CTCF	4757.0	4647.021	4757.0	124	2235	0	HepG2	bad
chr2_196850012_196850226	3.138	3.975	chr2	196850012	196850226	CTCF	5.0	44.0	44	CTCF	3938.5	250.436	3938.5	214	2255	1	HepG2	good
chr2_215002518_215002956	-7.087	-0.002	chr2	215002518	215002956	CTCF	136.0	1.0	136	CTCF	4644.252	4651.5	4651.5	438	2289	0	HepG2	bad
chr2_219211371_219211780	4.7	-0.027	chr2	219211371	219211780	CTCF	1.0	26.0	26	CTCF	778.018	792.5	792.5	409	2312	0	HepG2	bad
chr2_231056402_231056962	-4.17	-0.002	chr2	231056402	231056962	CTCF	36.0	2.0	36	CTCF	3465.003	3471.0	3471.0	560	2331	0	HepG2	bad
chr2_232327200_232327338	5.672	0.079	chr2	232327200	232327338	CTCF	2.0	102.0	102	CTCF	9418.0	8916.052	9418.0	138	2338	0	HepG2	bad
chr2_232432761_232432970	-4.57	-0.066	chr2	232432761	232432970	CTCF	95.0	4.0	95	CTCF	3208.042	3358.0	3358.0	209	2339	0	HepG2	bad
chr2_237512860_237513100	-5.931	-0.006	chr2	237512860	237513100	CTCF	61.0	1.0	61	CTCF	12004.0	12056.0	12056.0	240	2361	0	HepG2	bad
chr2_24083592_24084962	-4.459	0.022	chr2	24083592	24084962	CTCF_ENCSR000DKV	22.0	1.0	22	CTCF	466.5	459.515	466.5	1370	717	0	GM12878	bad
chr2_30697141_30697550	-4.907	-0.064	chr2	30697141	30697550	CTCF	30.0	1.0	30	CTCF	772.043	807.0	807.0	409	2425	0	HepG2	bad
chr2_46698529_46699379	-6.304	0.007	chr2	46698529	46699379	CTCF	79.0	1.0	79	CTCF	497.0	494.505	497.0	850	2465	0	HepG2	bad
chr2_49286251_49286269	3.087	2.615	chr2	49286251	49286269	CTCF	2.0	17.0	17	CTCF	1417.0	231.337	1417.0	18	2479	1	HepG2	good
chr2_75374438_75374694	-4.0	0.02	chr2	75374438	75374694	CTCF	16.0	1.0	16	CTCF	1143.0	1127.014	1143.0	256	2517	0	HepG2	bad
chr2_88016388_88017142	-3.293	0.036	chr2	88016388	88017142	CTCF	49.0	5.0	49	CTCF	621.0	605.525	621.0	754	2547	0	HepG2	bad
chr2_88160033_88160129	4.585	-0.02	chr2	88160033	88160129	CTCF_ENCSR000DKV	1.0	24.0	24	CTCF	9125.02	9254.0	9254.0	96	754	0	GM12878	bad
chr2_95345667_95345787	7.276	0.003	chr2	95345667	95345787	CTCF	1.0	155.0	155	CTCF	8596.0	8579.991	8596.0	120	2556	0	HepG2	bad
chr2_97589821_97590030	4.17	0.078	chr2	97589821	97590030	CTCF	1.0	18.0	18	CTCF	849.0	804.052	849.0	209	2561	0	HepG2	bad
chr3_12287448_12288102	5.977	0.076	chr3	12287448	12288102	CTCF	1.0	63.0	63	CTCF	1445.5	1371.551	1445.5	654	2812	0	HepG2	bad
chr3_125766408_125766488	-7.585	-0.013	chr3	125766408	125766488	CTCF	192.0	1.0	192	CTCF	7660.011	7728.0	7728.0	80	2815	0	HepG2	bad
chr3_126083889_126084425	-3.011	-0.033	chr3	126083889	126084425	CTCF	137.0	17.0	137	CTCF	1285.023	1315.0	1315.0	536	2816	0	HepG2	bad
chr3_151283049_151283237	6.768	-0.017	chr3	151283049	151283237	CTCF	1.0	109.0	109	CTCF	6001.012	6072.0	6072.0	188	2861	0	HepG2	bad
chr3_171163271_171163480	5.672	-0.025	chr3	171163271	171163480	CTCF	1.0	51.0	51	CTCF	5328.016	5422.0	5422.0	209	2878	0	HepG2	bad
chr3_197627764_197628176	-4.524	0.05	chr3	197627764	197628176	CTCF	23.0	1.0	23	CTCF	575.5	555.784	575.5	412	2930	0	HepG2	bad
chr3_46442698_46442892	4.485	4.845	chr3	46442698	46442892	CTCF	5.0	112.0	112	CTCF	6329.0	220.215	6329.0	194	2955	1	HepG2	good
chr4_10461395_10461519	-6.19	-0.016	chr4	10461395	10461519	CTCF	73.0	1.0	73	CTCF	3655.011	3695.0	3695.0	124	3019	0	HepG2	bad
chr4_124944111_124944169	-3.059	-2.683	chr4	124944111	124944169	CTCF	25.0	3.0	25	CTCF	264.094	1696.5	1696.5	58	3039	1	HepG2	good
chr4_147407371_147407580	-4.644	0.022	chr4	147407371	147407580	CTCF	25.0	1.0	25	CTCF	3025.5	2980.517	3025.5	209	3063	0	HepG2	bad
chr4_156378259_156378319	4.0	4.04	chr4	156378259	156378319	CTCF_ENCSR000DKV	1.0	16.0	16	CTCF	4943.0	300.439	4943.0	60	951	1	GM12878	good
chr4_156378259_156378319	4.322	4.04	chr4	156378259	156378319	CTCF_ENCSR000DRZ	1.0	20.0	20	CTCF	4943.0	300.439	4943.0	60	669	1	GM12878	good
chr4_169270433_169271387	6.109	-0.026	chr4	169270433	169271387	CTCF	1.0	69.0	69	CTCF	2176.019	2216.0	2216.0	954	3089	0	HepG2	bad
chr4_169613273_169613365	-7.615	-0.059	chr4	169613273	169613365	CTCF	196.0	1.0	196	CTCF	7189.043	7488.0	7488.0	92	3090	0	HepG2	bad
chr4_184649255_184649783	-4.392	0.003	chr4	184649255	184649783	CTCF	21.0	1.0	21	CTCF	1774.0	1770.001	1774.0	528	3114	0	HepG2	bad
chr4_185142711_185143659	4.087	-0.002	chr4	185142711	185143659	CTCF	1.0	17.0	17	CTCF	737.002	738.0	738.0	948	3117	0	HepG2	bad
chr4_185535454_185535632	3.7	0.003	chr4	185535454	185535632	CTCF	2.0	26.0	26	CTCF	1810.0	1806.002	1810.0	178	3121	0	HepG2	bad
chr4_186901691_186902100	-4.17	-0.05	chr4	186901691	186902100	CTCF	54.0	3.0	54	CTCF	267.534	277.0	277.0	409	3130	0	HepG2	bad
chr4_3942546_3942668	3.788	0.009	chr4	3942546	3942668	CTCF	11.0	152.0	152	CTCF	7202.0	7158.007	7202.0	122	3167	0	HepG2	bad
chr4_4335398_4335458	-3.561	-0.016	chr4	4335398	4335458	CTCF_ENCSR000DRZ	59.0	5.0	59	CTCF	11808.012	11939.0	11939.0	60	684	0	GM12878	bad
chr4_5544101_5544159	4.807	0.088	chr4	5544101	5544159	CTCF	1.0	28.0	28	CTCF	623.5	586.56	623.5	58	3189	0	HepG2	bad
chr4_82746650_82747512	-3.322	-0.007	chr4	82746650	82747512	CTCF	20.0	2.0	20	CTCF	210.755	211.75	211.75	862	3232	0	HepG2	bad
chr4_8741601_8742010	-4.0	-0.046	chr4	8741601	8742010	CTCF	16.0	1.0	16	CTCF	600.031	619.5	619.5	409	3243	0	HepG2	bad
chr4_88870781_88870990	4.248	-0.067	chr4	88870781	88870990	CTCF	1.0	19.0	19	CTCF	1057.045	1107.0	1107.0	209	3248	0	HepG2	bad
chr4_9123677_9123793	-4.087	-0.031	chr4	9123677	9123793	CTCF_ENCSR000DKV	17.0	1.0	17	CTCF	6503.521	6646.0	6646.0	116	995	0	GM12878	bad
chr4_9123677_9123793	-4.585	-0.031	chr4	9123677	9123793	CTCF_ENCSR000DRZ	24.0	1.0	24	CTCF	6503.521	6646.0	6646.0	116	693	0	GM12878	bad
chr5_119770161_119770370	-3.755	-0.025	chr5	119770161	119770370	CTCF	27.0	2.0	27	CTCF	2657.018	2703.0	2703.0	209	3285	0	HepG2	bad
chr5_120656016_120656046	3.17	2.458	chr5	120656016	120656046	CTCF_ENCSR000DRZ	2.0	18.0	18	CTCF	6454.0	1174.818	6454.0	30	701	1	GM12878	good
chr5_127108691_127108900	3.248	-0.016	chr5	127108691	127108900	CTCF	2.0	19.0	19	CTCF	584.511	591.0	591.0	209	3295	0	HepG2	bad
chr5_133287677_133287723	3.663	3.12	chr5	133287677	133287723	CTCF_ENCSR000DKV	3.0	38.0	38	CTCF	8191.25	942.386	8191.25	46	1011	1	GM12878	good
chr5_140882056_140882094	3.322	0.091	chr5	140882056	140882094	CTCF	4.0	40.0	40	CTCF	1320.5	1240.061	1320.5	38	3322	0	HepG2	bad
chr5_151239370_151239472	3.7	4.309	chr5	151239370	151239472	CTCF_ENCSR000DKV	3.0	39.0	39	CTCF	12133.0	612.2	12133.0	102	1020	1	GM12878	good
chr5_151239370_151239472	4.7	4.309	chr5	151239370	151239472	CTCF_ENCSR000DRZ	1.0	26.0	26	CTCF	12133.0	612.2	12133.0	102	710	1	GM12878	good
chr5_152462226_152462684	-4.087	-3.719	chr5	152462226	152462684	CTCF_ENCSR000AKB	17.0	1.0	17	CTCF	311.924	4108.5	4108.5	458	422	1	GM12878	good
chr5_152462226_152462684	-4.0	-3.719	chr5	152462226	152462684	CTCF_ENCSR000DRZ	16.0	1.0	16	CTCF	311.924	4108.5	4108.5	458	713	1	GM12878	good
chr5_172958820_172959720	-4.644	0.013	chr5	172958820	172959720	CTCF_ENCSR000AKB	25.0	1.0	25	CTCF	647.5	641.509	647.5	900	426	0	GM12878	bad
chr5_172958820_172959720	-5.129	0.013	chr5	172958820	172959720	CTCF_ENCSR000DKV	35.0	1.0	35	CTCF	647.5	641.509	647.5	900	1034	0	GM12878	bad
chr5_172958820_172959720	-4.392	0.013	chr5	172958820	172959720	CTCF_ENCSR000DRZ	21.0	1.0	21	CTCF	647.5	641.509	647.5	900	719	0	GM12878	bad
chr5_177303473_177303993	-5.728	-0.006	chr5	177303473	177303993	CTCF	53.0	1.0	53	CTCF	1264.004	1269.0	1269.0	520	3364	0	HepG2	bad
chr5_18698537_18698787	3.408	-0.0	chr5	18698537	18698787	CTCF	13.0	138.0	138	CTCF	7321.996	7324.0	7324.0	250	3381	0	HepG2	bad
chr5_33470723_33470777	3.17	2.991	chr5	33470723	33470777	CTCF_ENCSR000DKV	2.0	18.0	18	CTCF	2496.0	313.874	2496.0	54	1043	1	GM12878	good
chr5_34464631_34466195	-5.304	-0.014	chr5	34464631	34466195	CTCF	79.0	2.0	79	CTCF	297.01	300.0	300.0	1564	3386	0	HepG2	bad
chr5_57298297_57298427	-7.18	0.002	chr5	57298297	57298427	CTCF	145.0	1.0	145	CTCF	7758.0	7748.006	7758.0	130	3417	0	HepG2	bad
chr6_107704398_107704892	5.0	-0.011	chr6	107704398	107704892	CTCF	1.0	32.0	32	CTCF	5788.007	5833.0	5833.0	494	3468	0	HepG2	bad
chr6_11392648_11393408	4.459	0.012	chr6	11392648	11393408	CTCF	1.0	22.0	22	CTCF	595.0	590.008	595.0	760	3478	0	HepG2	bad
chr6_142232581_142232735	3.144	0.075	chr6	142232581	142232735	CTCF	43.0	380.0	380	CTCF	5368.0	5096.049	5368.0	154	3533	0	HepG2	bad
chr6_149028954_149029176	6.19	0.007	chr6	149028954	149029176	CTCF	1.0	73.0	73	CTCF	7060.0	7024.003	7060.0	222	3549	0	HepG2	bad
chr6_163416851_163416989	6.459	-0.011	chr6	163416851	163416989	CTCF	1.0	88.0	88	CTCF	4000.007	4030.0	4030.0	138	3587	0	HepG2	bad
chr6_167398413_167398561	3.7	0.04	chr6	167398413	167398561	CTCF	3.0	39.0	39	CTCF	940.0	914.027	940.0	148	3593	0	HepG2	bad
chr6_17600194_17600430	3.066	0.048	chr6	17600194	17600430	CTCF	8.0	67.0	67	CTCF	3996.0	3864.03	3996.0	236	3614	0	HepG2	bad
chr6_25748434_25749786	4.087	-0.012	chr6	25748434	25749786	CTCF	2.0	34.0	34	CTCF	356.508	359.5	359.5	1352	3630	0	HepG2	bad
chr6_27518587_27519769	3.585	-0.003	chr6	27518587	27519769	CTCF	4.0	48.0	48	CTCF	1094.002	1096.0	1096.0	1182	3643	0	HepG2	bad
chr6_32608531_32608589	-4.248	0.05	chr6	32608531	32608589	CTCF_ENCSR000DKV	19.0	1.0	19	CTCF	3435.0	3317.035	3435.0	58	1130	0	GM12878	bad
chr6_36615303_36615355	-7.18	0.038	chr6	36615303	36615355	CTCF	145.0	1.0	145	CTCF	7854.0	7652.029	7854.0	52	3736	0	HepG2	bad
chr6_3939691_3939900	4.807	0.062	chr6	3939691	3939900	CTCF	1.0	28.0	28	CTCF	1772.5	1697.791	1772.5	209	3745	0	HepG2	bad
chr6_44223293_44224051	5.044	-0.012	chr6	44223293	44224051	CTCF	1.0	33.0	33	CTCF	1200.009	1210.0	1210.0	758	3771	0	HepG2	bad
chr6_44253591_44253800	-4.115	-0.014	chr6	44253591	44253800	CTCF	52.0	3.0	52	CTCF	4739.01	4786.0	4786.0	209	3772	0	HepG2	bad
chr6_5115283_5115449	3.861	0.065	chr6	5115283	5115449	CTCF	15.0	218.0	218	CTCF	4093.25	3913.292	4093.25	166	3781	0	HepG2	bad
chr6_72616507_72616653	-4.755	-0.044	chr6	72616507	72616653	CTCF	27.0	1.0	27	CTCF	3154.029	3252.0	3252.0	146	3801	0	HepG2	bad
chr6_73739228_73739356	7.055	0.03	chr6	73739228	73739356	CTCF	1.0	133.0	133	CTCF	6944.0	6800.021	6944.0	128	3802	0	HepG2	bad
chr7_102480041_102480250	3.17	0.016	chr7	102480041	102480250	CTCF_ENCSR000AKB	2.0	18.0	18	CTCF	3908.5	3866.51	3908.5	209	475	0	GM12878	bad
chr7_102480041_102480250	3.369	0.016	chr7	102480041	102480250	CTCF_ENCSR000DKV	3.0	31.0	31	CTCF	3908.5	3866.51	3908.5	209	1175	0	GM12878	bad
chr7_102480041_102480250	3.087	0.016	chr7	102480041	102480250	CTCF_ENCSR000DRZ	2.0	17.0	17	CTCF	3908.5	3866.51	3908.5	209	798	0	GM12878	bad
chr7_116210423_116210567	3.858	0.01	chr7	116210423	116210567	CTCF	2.0	29.0	29	CTCF	1049.5	1042.507	1049.5	144	3837	0	HepG2	bad
chr7_151349963_151350665	3.441	0.042	chr7	151349963	151350665	CTCF	22.0	239.0	239	CTCF	1278.0	1241.028	1278.0	702	3884	0	HepG2	bad
chr7_153122371_153122580	3.585	-0.029	chr7	153122371	153122580	CTCF	2.0	24.0	24	CTCF	1023.269	1043.75	1043.75	209	3890	0	HepG2	bad
chr7_1875392_1875818	-5.858	0.022	chr7	1875392	1875818	CTCF	58.0	1.0	58	CTCF	4095.0	4033.017	4095.0	426	3911	0	HepG2	bad
chr7_1884011_1884420	4.755	-0.033	chr7	1884011	1884420	CTCF	1.0	27.0	27	CTCF	2114.522	2164.0	2164.0	409	3912	0	HepG2	bad
chr7_22559927_22560149	-5.044	-0.0	chr7	22559927	22560149	CTCF	33.0	1.0	33	CTCF	9313.999	9316.0	9316.0	222	3917	0	HepG2	bad
chr7_23545053_23545173	-4.087	-3.771	chr7	23545053	23545173	CTCF_ENCSR000DKV	17.0	1.0	17	CTCF	484.427	6613.0	6613.0	120	1208	1	GM12878	good
chr7_23545053_23545173	-4.459	-3.771	chr7	23545053	23545173	CTCF_ENCSR000DRZ	22.0	1.0	22	CTCF	484.427	6613.0	6613.0	120	817	1	GM12878	good
chr7_34927891_34928519	-4.17	0.038	chr7	34927891	34928519	CTCF	36.0	2.0	36	CTCF	1848.0	1800.526	1848.0	628	3954	0	HepG2	bad
chr7_3897477_3897705	-5.426	-0.038	chr7	3897477	3897705	CTCF	43.0	1.0	43	CTCF	5154.029	5291.0	5291.0	228	3959	0	HepG2	bad
chr7_50633046_50633174	4.585	0.021	chr7	50633046	50633174	CTCF_ENCSR000DRZ	1.0	24.0	24	CTCF	11224.0	11064.008	11224.0	128	836	0	GM12878	bad
chr7_51001064_51001338	3.644	-0.005	chr7	51001064	51001338	CTCF	2.0	25.0	25	CTCF	301.503	302.5	302.5	274	3986	0	HepG2	bad
chr7_5302601_5302810	3.644	0.072	chr7	5302601	5302810	CTCF	2.0	25.0	25	CTCF	1706.0	1622.548	1706.0	209	3990	0	HepG2	bad
chr7_5856573_5856739	-6.185	0.011	chr7	5856573	5856739	CTCF	291.0	4.0	291	CTCF	9264.0	9192.008	9264.0	166	3999	0	HepG2	bad
chr7_76166404_76167034	-3.17	-0.023	chr7	76166404	76167034	CTCF	27.0	3.0	27	CTCF	614.516	624.5	624.5	630	4019	0	HepG2	bad
chr7_98013534_98013680	-6.222	-0.033	chr7	98013534	98013680	CTCF	224.0	3.0	224	CTCF	8245.021	8437.0	8437.0	146	4056	0	HepG2	bad
chr8_102653727_102654379	-4.858	-0.005	chr8	102653727	102654379	CTCF	29.0	1.0	29	CTCF	938.504	942.0	942.0	652	4069	0	HepG2	bad
chr8_12659496_12659574	4.883	0.057	chr8	12659496	12659574	CTCF	4.0	118.0	118	CTCF	6856.0	6592.042	6856.0	78	4110	0	HepG2	bad
chr8_12665354_12665916	-5.209	0.007	chr8	12665354	12665916	CTCF	37.0	1.0	37	CTCF	1241.0	1235.005	1241.0	562	4111	0	HepG2	bad
chr8_39995776_39995932	-3.233	0.04	chr8	39995776	39995932	CTCF	94.0	10.0	94	CTCF	8574.0	8338.028	8574.0	156	4203	0	HepG2	bad
chr8_41390021_41390079	-3.358	-2.645	chr8	41390021	41390079	CTCF	41.0	4.0	41	CTCF	396.465	2480.25	2480.25	58	4207	1	HepG2	good
chr8_41828406_41829232	3.755	-0.014	chr8	41828406	41829232	CTCF	4.0	54.0	54	CTCF	4541.01	4586.0	4586.0	826	4212	0	HepG2	bad
chr8_90610631_90610840	-4.087	0.003	chr8	90610631	90610840	CTCF	17.0	1.0	17	CTCF	219.0	218.502	219.0	209	4256	0	HepG2	bad
chr8_97582577_97582759	3.459	0.046	chr8	97582577	97582759	CTCF_ENCSR000DKV	3.0	33.0	33	CTCF	8662.0	8391.033	8662.0	182	1302	0	GM12878	bad
chr8_97582577_97582759	3.392	0.046	chr8	97582577	97582759	CTCF_ENCSR000DRZ	2.0	21.0	21	CTCF	8662.0	8391.033	8662.0	182	882	0	GM12878	bad
chr9_113112246_113113056	-4.443	-0.011	chr9	113112246	113113056	CTCF	87.0	4.0	87	CTCF	1051.007	1059.0	1059.0	810	4280	0	HepG2	bad
chr9_120755885_120756121	-7.248	-0.01	chr9	120755885	120756121	CTCF	152.0	1.0	152	CTCF	8328.005	8388.0	8388.0	236	4293	0	HepG2	bad
chr9_129568669_129568989	-4.858	-0.004	chr9	129568669	129568989	CTCF	29.0	1.0	29	CTCF	1306.003	1310.0	1310.0	320	4321	0	HepG2	bad
chr9_136766181_136766803	-3.386	0.036	chr9	136766181	136766803	CTCF	230.0	22.0	230	CTCF	898.0	876.025	898.0	622	4353	0	HepG2	bad
chr9_137118581_137119091	4.7	0.004	chr9	137118581	137119091	CTCF	1.0	26.0	26	CTCF	2441.0	2435.002	2441.0	510	4361	0	HepG2	bad
chr9_17531744_17531886	-5.426	0.007	chr9	17531744	17531886	CTCF	43.0	1.0	43	CTCF	6212.0	6184.009	6212.0	142	4376	0	HepG2	bad
chr9_3135071_3135480	-3.459	-2.663	chr9	3135071	3135480	CTCF	33.0	3.0	33	CTCF	319.842	2025.75	2025.75	409	4392	1	HepG2	good
chr9_35096036_35096640	-6.044	-0.011	chr9	35096036	35096640	CTCF	66.0	1.0	66	CTCF	3511.008	3537.0	3537.0	604	4405	0	HepG2	bad
chr9_4117897_4117935	-3.059	-3.336	chr9	4117897	4117935	CTCF_ENCSR000DKV	25.0	3.0	25	CTCF	515.901	5211.0	5211.0	38	1345	1	GM12878	good
chr9_83817265_83818105	3.322	0.069	chr9	83817265	83818105	CTCF	2.0	20.0	20	CTCF	1397.0	1332.048	1397.0	840	4447	0	HepG2	bad
chr9_92729406_92729618	3.624	3.264	chr9	92729406	92729618	CTCF_ENCSR000DKV	3.0	37.0	37	CTCF	5387.0	560.896	5387.0	212	1361	1	GM12878	good
chr9_92729406_92729618	3.807	3.264	chr9	92729406	92729618	CTCF_ENCSR000DRZ	2.0	28.0	28	CTCF	5387.0	560.896	5387.0	212	927	1	GM12878	good
chr10_102669851_102670060	-3.087	-4.374	chr10	102669851	102670060	CTCF_ENCSR000DRZ	17.0	2.0	17	CTCF	315.952	6552.0	6552.0	209	89	1	GM12878	good
chr10_110567083_110567879	4.585	-0.015	chr10	110567083	110567879	CTCF	1.0	24.0	24	CTCF	341.76	345.25	345.25	796	447	0	HepG2	bad
chr10_110746464_110746628	-4.0	-0.066	chr10	110746464	110746628	CTCF_ENCSR000DRZ	16.0	1.0	16	CTCF	8394.043	8786.0	8786.0	164	93	0	GM12878	bad
chr10_14991479_14991617	6.615	0.005	chr10	14991479	14991617	CTCF	1.0	98.0	98	CTCF	5852.0	5831.001	5852.0	138	508	0	HepG2	bad
chr10_16777544_16777678	-6.19	-0.025	chr10	16777544	16777678	CTCF	73.0	1.0	73	CTCF	5998.521	6102.5	6102.5	134	513	0	HepG2	bad
chr10_29449156_29449250	-4.322	-0.003	chr10	29449156	29449250	CTCF_ENCSR000AKB	20.0	1.0	20	CTCF	13838.002	13870.0	13870.0	94	64	0	GM12878	bad
chr10_29449156_29449250	-5.492	-0.003	chr10	29449156	29449250	CTCF_ENCSR000DKV	45.0	1.0	45	CTCF	13838.002	13870.0	13870.0	94	155	0	GM12878	bad
chr10_29449156_29449250	-4.524	-0.003	chr10	29449156	29449250	CTCF_ENCSR000DRZ	23.0	1.0	23	CTCF	13838.002	13870.0	13870.0	94	113	0	GM12878	bad
chr10_31320812_31320988	-4.248	-0.073	chr10	31320812	31320988	CTCF	19.0	1.0	19	CTCF	1133.049	1192.0	1192.0	176	541	0	HepG2	bad
chr10_38402726_38403306	4.248	-0.04	chr10	38402726	38403306	CTCF	1.0	19.0	19	CTCF	1377.027	1416.0	1416.0	580	549	0	HepG2	bad
chr10_42866787_42866959	5.812	0.052	chr10	42866787	42866959	CTCF	5.0	281.0	281	CTCF	9620.0	9280.042	9620.0	172	552	0	HepG2	bad
chr10_50660262_50660378	5.17	-0.01	chr10	50660262	50660378	CTCF_ENCSR000DKV	1.0	36.0	36	CTCF	5635.001	5673.0	5673.0	116	169	0	GM12878	bad
chr10_50660262_50660378	4.858	-0.01	chr10	50660262	50660378	CTCF_ENCSR000DRZ	1.0	29.0	29	CTCF	5635.001	5673.0	5673.0	116	124	0	GM12878	bad
chr10_58484694_58484742	-4.087	-0.049	chr10	58484694	58484742	CTCF	17.0	1.0	17	CTCF	207.784	215.0	215.0	48	583	0	HepG2	bad
chr10_5959718_5959798	3.322	-0.036	chr10	5959718	5959798	CTCF	9.0	90.0	90	CTCF	993.025	1018.0	1018.0	80	587	0	HepG2	bad
chr10_70233371_70233589	-4.392	0.056	chr10	70233371	70233589	CTCF	21.0	1.0	21	CTCF	1226.0	1179.038	1226.0	218	608	0	HepG2	bad
chr10_78029009_78029877	-7.34	0.002	chr10	78029009	78029877	CTCF	162.0	1.0	162	CTCF	911.0	910.001	911.0	868	624	0	HepG2	bad
chr10_79779445_79779653	-4.954	-0.016	chr10	79779445	79779653	CTCF_ENCSR000DKV	31.0	1.0	31	CTCF	6333.512	6403.25	6403.25	208	186	0	GM12878	bad
chr10_79779445_79779653	-4.087	-0.016	chr10	79779445	79779653	CTCF_ENCSR000DRZ	17.0	1.0	17	CTCF	6333.512	6403.25	6403.25	208	135	0	GM12878	bad
chr10_84126023_84126167	3.209	0.035	chr10	84126023	84126167	CTCF	4.0	37.0	37	CTCF	2579.25	2517.274	2579.25	144	635	0	HepG2	bad
chr10_86139213_86139281	3.17	3.074	chr10	86139213	86139281	CTCF_ENCSR000DKV	3.0	27.0	27	CTCF	6855.0	813.882	6855.0	68	189	1	GM12878	good
chr10_88880090_88881192	5.426	-0.005	chr10	88880090	88881192	CTCF	1.0	43.0	43	CTCF	701.504	704.0	704.0	1102	640	0	HepG2	bad
chr10_93541861_93542695	4.459	0.007	chr10	93541861	93542695	CTCF	1.0	22.0	22	CTCF	1397.0	1390.006	1397.0	834	650	0	HepG2	bad
chr10_96513795_96514203	-3.97	0.006	chr10	96513795	96514203	CTCF	47.0	3.0	47	CTCF	7960.0	7927.999	7960.0	408	654	0	HepG2	bad
chr11_102831521_102831601	-6.15	-0.06	chr11	102831521	102831601	CTCF	213.0	3.0	213	CTCF	4634.791	4832.5	4832.5	80	668	0	HepG2	bad
chr11_116217183_116217247	-4.459	-4.854	chr11	116217183	116217247	CTCF_ENCSR000DKV	22.0	1.0	22	CTCF	351.466	10166.0	10166.0	64	207	1	GM12878	good
chr11_116217183_116217247	-4.459	-4.854	chr11	116217183	116217247	CTCF_ENCSR000DRZ	22.0	1.0	22	CTCF	351.466	10166.0	10166.0	64	148	1	GM12878	good
chr11_134868595_134869023	-4.248	-0.011	chr11	134868595	134869023	CTCF	38.0	2.0	38	CTCF	7163.01	7216.0	7216.0	428	729	0	HepG2	bad
chr11_44775546_44775624	-5.585	0.001	chr11	44775546	44775624	CTCF	96.0	2.0	96	CTCF	6105.0	6099.994	6105.0	78	731	0	HepG2	bad
chr11_65266281_65266490	-3.668	0.031	chr11	65266281	65266490	CTCF	89.0	7.0	89	CTCF	2325.0	2276.021	2325.0	209	750	0	HepG2	bad
chr11_65810224_65810306	-5.15	-0.001	chr11	65810224	65810306	CTCF	71.0	2.0	71	CTCF	2945.999	2948.0	2948.0	82	754	0	HepG2	bad
chr11_71534812_71534909	-4.248	0.08	chr11	71534812	71534909	CTCF	19.0	1.0	19	CTCF	499.125	472.179	499.125	97	771	0	HepG2	bad
chr11_71563594_71563768	-3.924	-0.047	chr11	71563594	71563768	CTCF	425.0	28.0	425	CTCF	4621.031	4774.0	4774.0	174	772	0	HepG2	bad
chr11_73598046_73598736	4.7	0.005	chr11	73598046	73598736	CTCF	1.0	26.0	26	CTCF	1775.0	1769.003	1775.0	690	777	0	HepG2	bad
chr11_89098011_89098319	-5.129	-0.002	chr11	89098011	89098319	CTCF	35.0	1.0	35	CTCF	7986.005	7995.0	7995.0	308	800	0	HepG2	bad
chr11_94237728_94237866	6.459	0.004	chr11	94237728	94237866	CTCF	1.0	88.0	88	CTCF	873.125	870.628	873.125	138	802	0	HepG2	bad
chr12_107405201_107405210	3.644	0.008	chr12	107405201	107405210	CTCF_ENCSR000AKB	2.0	25.0	25	CTCF	7321.0	7281.005	7321.0	9	102	0	GM12878	bad
chr12_117048271_117048480	-4.0	-0.035	chr12	117048271	117048480	CTCF	16.0	1.0	16	CTCF	963.024	987.0	987.0	209	837	0	HepG2	bad
chr12_120335597_120335693	-6.895	-0.006	chr12	120335597	120335693	CTCF	238.0	2.0	238	CTCF	7636.003	7666.0	7666.0	96	844	0	HepG2	bad
chr12_123972695_123973325	5.807	0.047	chr12	123972695	123973325	CTCF	2.0	112.0	112	CTCF	1661.5	1608.532	1661.5	630	854	0	HepG2	bad
chr12_125533573_125533677	4.755	0.035	chr12	125533573	125533677	CTCF_ENCSR000DKV	1.0	27.0	27	CTCF	9462.0	9234.029	9462.0	104	282	0	GM12878	bad
chr12_13024354_13024370	4.415	3.7	chr12	13024354	13024370	CTCF	3.0	64.0	64	CTCF	3637.5	279.923	3637.5	16	864	1	HepG2	good
chr12_131438921_131439130	3.544	-0.063	chr12	131438921	131439130	CTCF	3.0	35.0	35	CTCF	1241.042	1296.0	1296.0	209	866	0	HepG2	bad
chr12_1796162_1796328	4.962	0.009	chr12	1796162	1796328	CTCF	6.0	187.0	187	CTCF	9880.0	9816.008	9880.0	166	879	0	HepG2	bad
chr12_25386089_25386557	4.755	0.031	chr12	25386089	25386557	CTCF	1.0	27.0	27	CTCF	1656.0	1621.021	1656.0	468	890	0	HepG2	bad
chr12_30851069_30851663	5.0	0.013	chr12	30851069	30851663	CTCF	1.0	32.0	32	CTCF	2838.0	2812.011	2838.0	594	901	0	HepG2	bad
chr12_31117185_31117363	-4.087	-0.075	chr12	31117185	31117363	CTCF_ENCSR000DKV	17.0	1.0	17	CTCF	7350.054	7744.0	7744.0	178	293	0	GM12878	bad
chr12_31117185_31117363	-4.807	-0.075	chr12	31117185	31117363	CTCF_ENCSR000DRZ	28.0	1.0	28	CTCF	7350.054	7744.0	7744.0	178	204	0	GM12878	bad
chr12_50132686_50132754	4.0	4.569	chr12	50132686	50132754	CTCF_ENCSR000DKV	1.0	16.0	16	CTCF	5701.5	240.208	5701.5	68	299	1	GM12878	good
chr12_52252081_52253079	-3.644	-0.052	chr12	52252081	52253079	CTCF	25.0	2.0	25	CTCF	2518.036	2610.0	2610.0	998	935	0	HepG2	bad
chr12_8231460_8232062	4.17	0.026	chr12	8231460	8232062	CTCF	1.0	18.0	18	CTCF	873.5	858.018	873.5	602	985	0	HepG2	bad
chr12_8390659_8390677	7.937	-0.043	chr12	8390659	8390677	CTCF	1.0	245.0	245	CTCF	7416.023	7638.0	7638.0	18	986	0	HepG2	bad
chr12_9319349_9319457	5.755	-0.03	chr12	9319349	9319457	CTCF	1.0	54.0	54	CTCF	4063.019	4149.0	4149.0	108	993	0	HepG2	bad
chr13_110644869_110645361	4.392	-0.009	chr13	110644869	110645361	CTCF	1.0	21.0	21	CTCF	4168.004	4194.0	4194.0	492	1020	0	HepG2	bad
chr13_110925316_110925494	5.585	0.005	chr13	110925316	110925494	CTCF	1.0	48.0	48	CTCF	4769.0	4754.005	4769.0	178	1022	0	HepG2	bad
chr13_112893661_112894621	-5.248	-0.015	chr13	112893661	112894621	CTCF	38.0	1.0	38	CTCF	1133.01	1145.0	1145.0	960	1029	0	HepG2	bad
chr13_19633498_19633640	-4.585	0.011	chr13	19633498	19633640	CTCF	24.0	1.0	24	CTCF	1072.0	1064.008	1072.0	142	1034	0	HepG2	bad
chr13_20489336_20489406	-4.087	-3.313	chr13	20489336	20489406	CTCF_ENCSR000AKB	17.0	1.0	17	CTCF	1006.9	10008.0	10008.0	70	135	1	GM12878	good
chr13_20489336_20489406	-4.17	-3.313	chr13	20489336	20489406	CTCF_ENCSR000DRZ	18.0	1.0	18	CTCF	1006.9	10008.0	10008.0	70	234	1	GM12878	good
chr13_22944561_22944770	-4.17	-0.039	chr13	22944561	22944770	CTCF	18.0	1.0	18	CTCF	1437.027	1476.0	1476.0	209	1040	0	HepG2	bad
chr13_40863741_40863950	-3.059	0.044	chr13	40863741	40863950	CTCF	25.0	3.0	25	CTCF	515.375	499.78	515.375	209	1074	0	HepG2	bad
chr13_74215604_74215652	-4.17	-3.262	chr13	74215604	74215652	CTCF	72.0	4.0	72	CTCF	223.068	2139.719	2139.7188	48	1101	1	HepG2	good
chr13_87259634_87259716	-4.807	0.064	chr13	87259634	87259716	CTCF	28.0	1.0	28	CTCF	3141.5	3005.041	3141.5	82	1109	0	HepG2	bad
chr13_95226301_95227110	4.087	0.012	chr13	95226301	95227110	CTCF	2.0	34.0	34	CTCF	124.75	123.758	124.75	809	1115	0	HepG2	bad
chr13_99196551_99196760	-3.087	-0.02	chr13	99196551	99196760	CTCF_ENCSR000DKV	17.0	2.0	17	CTCF	3139.013	3183.5	3183.5	209	361	0	GM12878	bad
chr14_106694861_106695070	4.248	-0.016	chr14	106694861	106695070	CTCF_ENCSR000DRZ	2.0	38.0	38	CTCF	4948.013	5004.0	5004.0	209	255	0	GM12878	bad
chr14_106774709_106775315	4.322	0.069	chr14	106774709	106775315	CTCF_ENCSR000DKV	1.0	20.0	20	CTCF	230.25	219.547	230.25	606	368	0	GM12878	bad
chr14_106774709_106775315	3.059	0.069	chr14	106774709	106775315	CTCF_ENCSR000DRZ	3.0	25.0	25	CTCF	230.25	219.547	230.25	606	256	0	GM12878	bad
chr14_49598592_49599262	4.644	-0.071	chr14	49598592	49599262	CTCF	1.0	25.0	25	CTCF	1504.048	1580.0	1580.0	670	1188	0	HepG2	bad
chr14_71166623_71166723	4.0	3.066	chr14	71166623	71166723	CTCF_ENCSR000DKV	1.0	16.0	16	CTCF	5951.0	710.381	5951.0	100	400	1	GM12878	good
chr14_80636265_80636321	3.248	2.934	chr14	80636265	80636321	CTCF_ENCSR000DKV	2.0	19.0	19	CTCF	2409.0	315.119	2409.0	56	405	1	GM12878	good
chr15_39976713_39976869	4.392	0.034	chr15	39976713	39976869	CTCF	4.0	84.0	84	CTCF	3113.0	3041.023	3113.0	156	1223	0	HepG2	bad
chr15_45118101_45118377	-6.672	-0.014	chr15	45118101	45118377	CTCF	102.0	1.0	102	CTCF	5300.009	5350.0	5350.0	276	1235	0	HepG2	bad
chr15_75758392_75758632	5.555	0.019	chr15	75758392	75758632	CTCF	1.0	47.0	47	CTCF	2491.0	2459.014	2491.0	240	1289	0	HepG2	bad
chr15_76057550_76057700	3.342	0.025	chr15	76057550	76057700	CTCF	7.0	71.0	71	CTCF	6172.0	6066.014	6172.0	150	1290	0	HepG2	bad
chr15_77118900_77119090	-4.833	-0.025	chr15	77118900	77119090	CTCF	57.0	2.0	57	CTCF	6363.022	6474.0	6474.0	190	1293	0	HepG2	bad
chr15_77910508_77911030	8.721	0.03	chr15	77910508	77911030	CTCF	1.0	422.0	422	CTCF	6034.0	5910.022	6034.0	522	1295	0	HepG2	bad
chr15_77944471_77944680	3.97	0.017	chr15	77944471	77944680	CTCF	3.0	47.0	47	CTCF	1924.0	1901.011	1924.0	209	1296	0	HepG2	bad
chr15_78738277_78738379	5.799	0.016	chr15	78738277	78738379	CTCF	3.0	167.0	167	CTCF	6124.0	6056.01	6124.0	102	1300	0	HepG2	bad
chr15_78751158_78751292	7.271	0.088	chr15	78751158	78751292	CTCF	2.0	309.0	309	CTCF	8999.0	8466.067	8999.0	134	1301	0	HepG2	bad
chr15_83248553_83248657	5.555	0.0	chr15	83248553	83248657	CTCF	1.0	47.0	47	CTCF	8516.0	8516.0	8516.0	104	1313	0	HepG2	bad
chr15_89411465_89411921	3.026	0.022	chr15	89411465	89411921	CTCF	7.0	57.0	57	CTCF	6344.0	6250.011	6344.0	456	1323	0	HepG2	bad
chr15_90157862_90158436	-7.0	0.031	chr15	90157862	90158436	CTCF	128.0	1.0	128	CTCF	4432.0	4337.023	4432.0	574	1325	0	HepG2	bad
chr15_90301318_90301456	-5.375	-0.027	chr15	90301318	90301456	CTCF	166.0	4.0	166	CTCF	7408.021	7548.0	7548.0	138	1328	0	HepG2	bad
chr16_11326771_11327180	-6.087	-0.063	chr16	11326771	11327180	CTCF	68.0	1.0	68	CTCF	241.918	252.75	252.75	409	1364	0	HepG2	bad
chr16_13904931_13905140	6.426	-0.039	chr16	13904931	13905140	CTCF	1.0	86.0	86	CTCF	4828.031	4959.0	4959.0	209	1381	0	HepG2	bad
chr16_14974880_14975298	-5.209	0.013	chr16	14974880	14975298	CTCF	37.0	1.0	37	CTCF	683.0	677.009	683.0	418	1385	0	HepG2	bad
chr16_15022180_15022526	-5.615	0.003	chr16	15022180	15022526	CTCF	49.0	1.0	49	CTCF	1624.5	1621.002	1624.5	346	1386	0	HepG2	bad
chr16_15154760_15154920	-3.248	0.076	chr16	15154760	15154920	CTCF	19.0	2.0	19	CTCF	404.688	383.957	404.6875	160	1387	0	HepG2	bad
chr16_2027581_2027790	-6.931	0.073	chr16	2027581	2027790	CTCF	122.0	1.0	122	CTCF	2015.0	1915.049	2015.0	209	1397	0	HepG2	bad
chr16_21301342_21302028	-4.0	0.003	chr16	21301342	21302028	CTCF	16.0	1.0	16	CTCF	1602.0	1599.002	1602.0	686	1405	0	HepG2	bad
chr16_21509651_21509860	-5.285	-0.007	chr16	21509651	21509860	CTCF	39.0	1.0	39	CTCF	881.005	885.0	885.0	209	1406	0	HepG2	bad
chr16_23510425_23510561	-4.415	-0.043	chr16	23510425	23510561	CTCF	128.0	6.0	128	CTCF	1152.029	1187.0	1187.0	136	1414	0	HepG2	bad
chr16_29179386_29179954	-6.508	-0.002	chr16	29179386	29179954	CTCF	91.0	1.0	91	CTCF	577.752	578.75	578.75	568	1425	0	HepG2	bad
chr16_29228114_29228486	-4.087	-0.035	chr16	29228114	29228486	CTCF_ENCSR000DKV	17.0	1.0	17	CTCF	7232.017	7408.0	7408.0	372	473	0	GM12878	bad
chr16_29594961_29595681	4.0	-0.024	chr16	29594961	29595681	CTCF	1.0	16.0	16	CTCF	446.517	454.0	454.0	720	1426	0	HepG2	bad
chr16_31159818_31159896	-3.322	-4.526	chr16	31159818	31159896	CTCF_ENCSR000DKV	30.0	3.0	30	CTCF	435.206	10029.0	10029.0	78	475	1	GM12878	good
chr16_31159818_31159896	-3.459	-4.526	chr16	31159818	31159896	CTCF_ENCSR000DRZ	22.0	2.0	22	CTCF	435.206	10029.0	10029.0	78	338	1	GM12878	good
chr16_50265350_50265444	-5.186	-0.027	chr16	50265350	50265444	CTCF	182.0	5.0	182	CTCF	4210.018	4290.0	4290.0	94	1452	0	HepG2	bad
chr16_5239608_5239796	-4.728	0.084	chr16	5239608	5239796	CTCF	106.0	4.0	106	CTCF	6714.0	6334.053	6714.0	188	1458	0	HepG2	bad
chr16_6573691_6573900	3.409	2.755	chr16	6573691	6573900	CTCF	8.0	85.0	85	CTCF	3717.75	550.602	3717.75	209	1474	1	HepG2	good
chr16_69754932_69755108	-3.556	0.005	chr16	69754932	69755108	CTCF	247.0	21.0	247	CTCF	8824.0	8791.994	8824.0	176	1485	0	HepG2	bad
chr16_70018395_70018615	5.129	0.041	chr16	70018395	70018615	CTCF	1.0	35.0	35	CTCF	2824.0	2744.028	2824.0	220	1487	0	HepG2	bad
chr16_87496311_87496520	-5.781	0.04	chr16	87496311	87496520	CTCF	55.0	1.0	55	CTCF	1876.0	1825.026	1876.0	209	1555	0	HepG2	bad
chr16_87678735_87678895	3.503	2.547	chr16	87678735	87678895	CTCF	9.0	102.0	102	CTCF	3826.0	654.829	3826.0	160	1559	1	HepG2	good
chr16_87930684_87930766	-5.728	-0.018	chr16	87930684	87930766	CTCF	53.0	1.0	53	CTCF	3741.016	3789.0	3789.0	82	1561	0	HepG2	bad
chr17_13597771_13598173	-4.954	0.039	chr17	13597771	13598173	CTCF	31.0	1.0	31	CTCF	4831.0	4701.024	4831.0	402	1589	0	HepG2	bad
chr17_15699531_15699729	5.209	0.057	chr17	15699531	15699729	CTCF	1.0	37.0	37	CTCF	853.5	820.539	853.5	198	1594	0	HepG2	bad
chr17_26603750_26604060	4.585	-0.019	chr17	26603750	26604060	CTCF_ENCSR000AKB	1.0	24.0	24	CTCF	20.263	20.531	20.53125	310	217	0	GM12878	bad
chr17_26603750_26604060	4.459	-0.019	chr17	26603750	26604060	CTCF_ENCSR000DRZ	1.0	22.0	22	CTCF	20.263	20.531	20.53125	310	368	0	GM12878	bad
chr17_34361633_34361717	4.044	0.058	chr17	34361633	34361717	CTCF_ENCSR000AKB	2.0	33.0	33	CTCF	17015.0	16341.058	17015.0	84	220	0	GM12878	bad
chr17_34361633_34361717	3.609	0.058	chr17	34361633	34361717	CTCF_ENCSR000DKV	5.0	61.0	61	CTCF	17015.0	16341.058	17015.0	84	519	0	GM12878	bad
chr17_34361633_34361717	5.426	0.058	chr17	34361633	34361717	CTCF_ENCSR000DRZ	1.0	43.0	43	CTCF	17015.0	16341.058	17015.0	84	374	0	GM12878	bad
chr17_41772664_41773170	-4.524	0.006	chr17	41772664	41773170	CTCF	23.0	1.0	23	CTCF	1007.0	1003.004	1007.0	506	1616	0	HepG2	bad
chr17_45971731_45972140	5.492	-0.014	chr17	45971731	45972140	CTCF	1.0	45.0	45	CTCF	1651.01	1667.0	1667.0	409	1632	0	HepG2	bad
chr17_46253969_46254065	4.907	0.018	chr17	46253969	46254065	CTCF_ENCSR000AKB	1.0	30.0	30	CTCF	8617.5	8513.01	8617.5	96	228	0	GM12878	bad
chr17_46253969_46254065	6.066	0.018	chr17	46253969	46254065	CTCF_ENCSR000DKV	1.0	67.0	67	CTCF	8617.5	8513.01	8617.5	96	530	0	GM12878	bad
chr17_46253969_46254065	5.358	0.018	chr17	46253969	46254065	CTCF_ENCSR000DRZ	1.0	41.0	41	CTCF	8617.5	8513.01	8617.5	96	385	0	GM12878	bad
chr17_47843131_47843340	8.276	0.09	chr17	47843131	47843340	CTCF	1.0	310.0	310	CTCF	8120.0	7628.062	8120.0	209	1635	0	HepG2	bad
chr17_49968398_49969252	4.392	0.074	chr17	49968398	49969252	CTCF	1.0	21.0	21	CTCF	777.5	738.8	777.5	854	1647	0	HepG2	bad
chr17_58447459_58447835	-5.524	-0.021	chr17	58447459	58447835	CTCF	46.0	1.0	46	CTCF	4547.015	4614.0	4614.0	376	1671	0	HepG2	bad
chr17_63866256_63867166	-5.781	0.001	chr17	63866256	63867166	CTCF	55.0	1.0	55	CTCF	4858.0	4854.0	4858.0	910	1677	0	HepG2	bad
chr17_75012190_75013092	-7.295	0.003	chr17	75012190	75013092	CTCF	157.0	1.0	157	CTCF	1109.0	1107.001	1109.0	902	1720	0	HepG2	bad
chr17_75412679_75412815	-3.059	0.042	chr17	75412679	75412815	CTCF_ENCSR000DKV	25.0	3.0	25	CTCF	9032.0	8774.034	9032.0	136	546	0	GM12878	bad
chr17_75412679_75412815	-3.248	0.042	chr17	75412679	75412815	CTCF_ENCSR000DRZ	19.0	2.0	19	CTCF	9032.0	8774.034	9032.0	136	398	0	GM12878	bad
chr17_75524864_75525902	-5.585	0.001	chr17	75524864	75525902	CTCF	48.0	1.0	48	CTCF	2752.0	2751.001	2752.0	1038	1725	0	HepG2	bad
chr17_79938951_79938969	-3.7	0.022	chr17	79938951	79938969	CTCF	78.0	6.0	78	CTCF	673.0	663.015	673.0	18	1755	0	HepG2	bad
chr17_82494711_82494907	-4.115	0.0	chr17	82494711	82494907	CTCF_ENCSR000DKV	52.0	3.0	52	CTCF	10138.0	10138.0	10138.0	196	557	0	GM12878	bad
chr17_8435604_8436020	3.322	-0.008	chr17	8435604	8436020	CTCF	2.0	20.0	20	CTCF	519.006	522.0	522.0	416	1795	0	HepG2	bad
chr18_10438003_10438087	4.17	3.771	chr18	10438003	10438087	CTCF_ENCSR000AKB	1.0	18.0	18	CTCF	6166.0	451.677	6166.0	84	242	1	GM12878	good
chr18_10438003_10438087	3.273	3.771	chr18	10438003	10438087	CTCF_ENCSR000DKV	3.0	29.0	29	CTCF	6166.0	451.677	6166.0	84	559	1	GM12878	good
chr18_10438003_10438087	3.248	3.771	chr18	10438003	10438087	CTCF_ENCSR000DRZ	2.0	19.0	19	CTCF	6166.0	451.677	6166.0	84	407	1	GM12878	good
chr18_14415940_14416036	-3.954	-0.049	chr18	14415940	14416036	CTCF_ENCSR000DKV	31.0	2.0	31	CTCF	4218.533	4365.0	4365.0	96	563	0	GM12878	bad
chr18_30081221_30081430	3.807	3.097	chr18	30081221	30081430	CTCF	2.0	28.0	28	CTCF	1400.125	163.633	1400.125	209	1815	1	HepG2	good
chr18_32139511_32140320	3.755	-0.004	chr18	32139511	32140320	CTCF	2.0	27.0	27	CTCF	194.752	195.25	195.25	809	1820	0	HepG2	bad
chr18_7038432_7038529	-4.644	-0.039	chr18	7038432	7038529	CTCF_ENCSR000DKV	25.0	1.0	25	CTCF	6834.03	7020.0	7020.0	97	580	0	GM12878	bad
chr18_7038432_7038529	-3.7	-0.039	chr18	7038432	7038529	CTCF_ENCSR000DRZ	26.0	2.0	26	CTCF	6834.03	7020.0	7020.0	97	418	0	GM12878	bad
chr18_7568503_7568791	-6.672	-0.001	chr18	7568503	7568791	CTCF	102.0	1.0	102	CTCF	3848.002	3852.0	3852.0	288	1892	0	HepG2	bad
chr19_12440863_12441259	-5.459	-0.036	chr19	12440863	12441259	CTCF	44.0	1.0	44	CTCF	2762.024	2832.0	2832.0	396	1916	0	HepG2	bad
chr19_14288935_14289055	6.267	-0.046	chr19	14288935	14289055	CTCF	1.0	77.0	77	CTCF	6548.03	6760.0	6760.0	120	1927	0	HepG2	bad
chr19_14888818_14889068	-3.524	0.004	chr19	14888818	14889068	CTCF_ENCSR000DKV	23.0	2.0	23	CTCF	8957.0	8933.997	8957.0	250	593	0	GM12878	bad
chr19_14888818_14889068	-4.807	0.004	chr19	14888818	14889068	CTCF_ENCSR000DRZ	28.0	1.0	28	CTCF	8957.0	8933.997	8957.0	250	428	0	GM12878	bad
chr19_34860161_34860370	-4.248	0.0	chr19	34860161	34860370	CTCF	19.0	1.0	19	CTCF	480.0	480.0	480.0	209	1983	0	HepG2	bad
chr19_42885020_42885140	4.7	0.032	chr19	42885020	42885140	CTCF_ENCSR000DKV	1.0	26.0	26	CTCF	6735.0	6585.026	6735.0	120	622	0	GM12878	bad
chr19_42885020_42885140	4.248	0.032	chr19	42885020	42885140	CTCF_ENCSR000DRZ	1.0	19.0	19	CTCF	6735.0	6585.026	6735.0	120	454	0	GM12878	bad
chr19_52570131_52570269	3.858	-0.02	chr19	52570131	52570269	CTCF	2.0	29.0	29	CTCF	2160.013	2190.0	2190.0	138	2023	0	HepG2	bad
chr19_605143_605947	3.222	-0.025	chr19	605143	605947	CTCF_ENCSR000DRZ	3.0	28.0	28	CTCF	617.455	628.438	628.4375	804	472	0	GM12878	bad
chr20_13771921_13772111	4.087	0.032	chr20	13771921	13772111	CTCF	1.0	17.0	17	CTCF	2394.0	2341.022	2394.0	190	2579	0	HepG2	bad
chr20_22735141_22735263	6.15	0.039	chr20	22735141	22735263	CTCF	1.0	71.0	71	CTCF	5411.0	5265.03	5411.0	122	2597	0	HepG2	bad
chr20_23782408_23782770	-4.524	0.059	chr20	23782408	23782770	CTCF	23.0	1.0	23	CTCF	5650.0	5425.038	5650.0	362	2603	0	HepG2	bad
chr20_25861636_25861758	-4.087	-0.032	chr20	25861636	25861758	CTCF_ENCSR000DKV	17.0	1.0	17	CTCF	1680.523	1718.5	1718.5	122	768	0	GM12878	bad
chr20_30500619_30500729	4.468	-0.053	chr20	30500619	30500729	CTCF	8.0	177.0	177	CTCF	3844.285	3989.5	3989.5	110	2612	0	HepG2	bad
chr20_33512945_33513475	-4.17	-0.015	chr20	33512945	33513475	CTCF	18.0	1.0	18	CTCF	472.01	477.0	477.0	530	2624	0	HepG2	bad
chr20_49602861_49603595	-4.807	-0.027	chr20	49602861	49603595	CTCF	28.0	1.0	28	CTCF	575.019	586.0	586.0	734	2674	0	HepG2	bad
chr20_50115941_50116095	-4.644	0.016	chr20	50115941	50116095	CTCF	25.0	1.0	25	CTCF	625.5	618.511	625.5	154	2680	0	HepG2	bad
chr20_9354751_9354960	4.0	3.058	chr20	9354751	9354960	CTCF	3.0	48.0	48	CTCF	2526.0	303.38	2526.0	209	2741	1	HepG2	good
chr21_28051682_28051844	-4.248	-0.026	chr21	28051682	28051844	CTCF	19.0	1.0	19	CTCF	3380.518	3441.5	3441.5	162	2748	0	HepG2	bad
chr21_34889630_34890448	-4.644	-0.006	chr21	34889630	34890448	CTCF	25.0	1.0	25	CTCF	984.004	988.0	988.0	818	2752	0	HepG2	bad
chr21_37220854_37221646	3.17	-0.003	chr21	37220854	37221646	CTCF_ENCSR000DRZ	2.0	18.0	18	CTCF	2092.002	2096.0	2096.0	792	581	0	GM12878	bad
chr21_42107947_42108109	3.115	2.947	chr21	42107947	42108109	CTCF_ENCSR000AKB	3.0	26.0	26	CTCF	10600.0	1374.871	10600.0	162	347	1	GM12878	good
chr21_46228859_46229137	4.087	-0.013	chr21	46228859	46229137	CTCF_ENCSR000DRZ	1.0	17.0	17	CTCF	647.009	653.0	653.0	278	592	0	GM12878	bad
chr22_24259587_24259725	-4.248	-0.015	chr22	24259587	24259725	CTCF_ENCSR000DKV	19.0	1.0	19	CTCF	5162.512	5216.5	5216.5	138	830	0	GM12878	bad
chrX_12771562_12771702	3.222	-0.016	chrX	12771562	12771702	CTCF_ENCSR000AKB	6.0	56.0	56	CTCF	14178.002	14338.0	14338.0	140	549	0	GM12878	bad
chrX_131792386_131792646	-3.503	-0.082	chrX	131792386	131792646	CTCF_ENCSR000DKV	34.0	3.0	34	CTCF	2141.055	2266.0	2266.0	260	1377	0	GM12878	bad
chrX_318875_319143	5.17	0.073	chrX	318875	319143	CTCF	1.0	36.0	36	CTCF	1998.25	1899.549	1998.25	268	4474	0	HepG2	bad
